time;memory_free;r_a1;r_a2
1.666.825.468.602;0;0;0
1.666.825.468.602;-32768;0;0
1.666.825.468.602;131072;0;0
1.666.825.468.602;32768;0;0
1.666.825.468.602;-32768;0;1
1.666.825.468.602;57176064;0;1
1.666.825.468.602;7184384;0;1
1.666.825.468.602;74932224;0;1
1.666.825.468.602;206905344;0;1
1.666.825.468.602;220237824;0;1
1.666.825.468.602;220299264;0;1
1.666.825.468.602;220712960;0;1
1.666.825.468.602;220647424;0;1
1.666.825.468.602;220491776;0;1
1.666.825.468.602;220360704;0;1
1.666.825.468.602;220459008;0;1
1.666.825.468.602;220524544;0;1
1.666.825.468.602;221028352;0;1
1.666.825.468.602;221126656;0;1
1.666.825.468.602;221224960;0;1
1.666.825.468.602;221093888;0;1
1.666.825.468.602;221061120;0;1
1.666.825.468.602;221159424;0;1
1.666.825.468.602;221093888;0;1
1.666.825.468.602;221126656;0;1
1.666.825.468.602;221478912;0;1
1.666.825.468.602;221380608;0;1
1.666.825.468.602;221446144;0;1
1.666.825.468.602;221347840;0;1
1.666.825.468.602;221446144;0;1
1.666.825.468.602;221315072;0;1
1.666.825.468.602;221380608;0;1
1.666.825.468.602;221446144;0;1
1.666.825.468.602;221282304;0;1
1.666.825.468.602;221347840;0;1
1.666.825.468.602;221478912;0;1
1.666.825.468.602;221315072;0;1
1.666.825.468.602;221573120;0;1
1.666.825.468.602;221409280;0;1
1.666.825.468.602;221474816;0;1
1.666.825.468.602;221573120;0;1
1.666.825.468.602;221728768;0;1
1.666.825.468.602;221794304;0;1
1.666.825.468.602;221663232;0;1
1.666.825.468.602;221794304;0;1
1.666.825.468.602;221446144;0;1
1.666.825.468.602;221351936;0;1
1.666.825.468.602;221220864;0;1
1.666.825.468.602;221384704;0;1
1.666.825.468.602;221347840;0;1
1.666.825.468.602;221413376;0;1
1.666.825.468.602;221315072;0;1
1.666.825.468.602;221380608;0;1
1.666.825.468.602;221478912;0;1
1.666.825.468.602;221413376;0;1
1.666.825.468.602;221478912;0;1
1.666.825.468.602;221347840;0;1
1.666.825.468.602;221413376;0;1
1.666.825.468.602;221478912;0;1
1.666.825.468.602;221220864;0;1
1.666.825.468.602;221351936;0;1
1.666.825.468.602;221347840;0;1
1.666.825.468.602;221413376;0;1
1.666.825.468.602;221478912;0;1
1.666.825.468.602;221446144;1;1
1.666.825.468.602;227999744;1;1
1.666.825.468.602;227995648;1;1
1.666.825.468.602;419110912;1;1
1.666.825.468.602;439169024;1;1
1.666.825.468.602;440483840;1;1
1.666.825.468.602;440614912;1;1
1.666.825.468.602;440848384;1;1
1.666.825.468.602;440815616;1;1
1.666.825.468.602;441516032;1;1
1.666.825.468.602;441516032;1;1
1.666.825.468.602;441614336;1;1
1.666.825.468.602;441614336;1;1
1.666.825.468.602;442314752;1;1
1.666.825.468.602;442314752;1;1
1.666.825.468.602;442314752;1;1
1.666.825.468.602;442150912;1;1
1.666.825.468.602;442376192;1;1
1.666.825.468.602;442310656;1;1
1.666.825.468.602;442310656;1;1
1.666.825.468.602;442376192;1;1
1.666.825.468.602;442503168;1;1
1.666.825.468.602;442535936;1;1
1.666.825.468.602;442503168;1;1
1.666.825.468.602;442601472;1;1
1.666.825.468.602;442695680;1;1
1.666.825.468.602;442499072;1;1
1.666.825.468.602;442564608;1;1
1.666.825.468.602;442531840;1;1
1.666.825.468.602;442662912;1;1
1.666.825.468.602;442695680;1;1
1.666.825.468.602;442662912;1;1
1.666.825.468.602;442499072;1;1
1.666.825.468.602;442658816;1;1
1.666.825.468.602;442658816;1;1
1.666.825.468.602;442691584;1;1
1.666.825.468.602;442691584;1;1
1.666.825.468.602;442691584;1;1
1.666.825.468.602;442978304;1;1
1.666.825.468.602;442978304;1;1
1.666.825.468.602;442978304;1;1
1.666.825.468.602;443011072;1;1
1.666.825.468.602;442564608;1;1
1.666.825.468.602;442564608;1;1
1.666.825.468.602;442531840;1;1
1.666.825.468.602;442597376;1;1
1.666.825.468.602;442564608;1;1
1.666.825.468.602;442597376;1;1
1.666.825.468.602;442597376;1;1
1.666.825.468.602;442630144;1;1
1.666.825.468.602;442695680;1;1
1.666.825.468.602;442531840;1;1
1.666.825.468.602;442531840;1;1
1.666.825.468.602;442531840;1;1
1.666.825.468.602;442789888;1;1
1.666.825.468.602;442822656;1;1
1.666.825.468.602;442789888;1;1
1.666.825.468.602;442789888;1;1
1.666.825.468.602;442949632;1;1
1.666.825.468.602;442916864;1;1
1.666.825.468.602;442753024;1;2
1.666.825.468.602;449732608;1;2
1.666.825.468.602;460849152;1;2
1.666.825.468.602;456044544;1;2
1.666.825.468.602;670769152;1;2
1.666.825.468.602;660856832;1;2
1.666.825.468.602;662708224;1;2
1.666.825.468.602;663441408;1;2
1.666.825.468.602;663498752;1;2
1.666.825.468.602;663887872;1;2
1.666.825.468.602;663822336;1;2
1.666.825.468.602;663789568;1;2
1.666.825.468.602;663986176;1;2
1.666.825.468.602;664494080;1;2
1.666.825.468.602;664461312;1;2
1.666.825.468.602;664301568;1;2
1.666.825.468.602;664268800;1;2
1.666.825.468.602;664236032;1;2
1.666.825.468.602;664293376;1;2
1.666.825.468.602;664334336;1;2
1.666.825.468.602;664268800;1;2
1.666.825.468.602;664363008;1;2
1.666.825.468.602;664461312;1;2
1.666.825.468.602;664395776;1;2
1.666.825.468.602;664363008;1;2
1.666.825.468.602;664838144;1;2
1.666.825.468.602;665001984;1;2
1.666.825.468.602;665001984;1;2
1.666.825.468.602;664903680;1;2
1.666.825.468.602;664457216;1;2
1.666.825.468.602;664547328;1;2
1.666.825.468.602;664612864;1;2
1.666.825.468.602;664481792;1;2
1.666.825.468.602;664580096;1;2
1.666.825.468.602;664547328;1;2
1.666.825.468.602;664489984;1;2
1.666.825.468.602;664424448;1;2
1.666.825.468.602;664588288;1;2
1.666.825.468.602;664555520;1;2
1.666.825.468.602;664522752;1;2
1.666.825.468.602;664424448;1;2
1.666.825.468.602;664453120;1;2
1.666.825.468.602;664195072;1;2
1.666.825.468.602;664326144;1;2
1.666.825.468.602;664260608;1;2
1.666.825.468.602;664367104;1;2
1.666.825.468.602;664301568;1;2
1.666.825.468.602;664268800;1;2
1.666.825.468.602;664268800;1;2
1.666.825.468.602;664203264;1;2
1.666.825.468.602;664334336;1;2
1.666.825.468.602;664301568;1;2
1.666.825.468.602;664268800;1;2
1.666.825.468.602;664334336;1;2
1.666.825.468.602;664203264;1;2
1.666.825.468.602;664326144;1;2
1.666.825.468.602;664268800;1;2
1.666.825.468.602;664461312;1;2
1.666.825.468.602;664494080;1;2
1.666.825.468.602;664395776;1;2
1.666.825.468.602;664485888;2;2
1.666.825.468.602;722432000;2;2
1.666.825.468.602;722337792;2;2
1.666.825.468.602;791339008;2;2
1.666.825.468.602;880332800;2;2
1.666.825.468.602;884482048;2;2
1.666.825.468.602;884895744;2;2
1.666.825.468.602;885460992;2;2
1.666.825.468.602;885305344;2;2
1.666.825.468.602;885837824;2;2
1.666.825.468.602;885944320;2;2
1.666.825.468.602;886226944;2;2
1.666.825.468.602;886325248;2;2
1.666.825.468.602;887140352;2;2
1.666.825.468.602;887042048;2;2
1.666.825.468.602;887173120;2;2
1.666.825.468.602;887238656;2;2
1.666.825.468.602;887246848;2;2
1.666.825.468.602;887246848;2;2
1.666.825.468.602;887115776;2;2
1.666.825.468.602;887140352;2;2
1.666.825.468.602;887275520;2;2
1.666.825.468.602;887365632;2;2
1.666.825.468.602;887201792;2;2
1.666.825.468.602;887373824;2;2
1.666.825.468.602;887529472;2;2
1.666.825.468.602;887595008;2;2
1.666.825.468.602;887488512;2;2
1.666.825.468.602;886292480;2;2
1.666.825.468.602;886218752;2;2
1.666.825.468.602;886317056;2;2
1.666.825.468.602;886325248;2;2
1.666.825.468.602;886317056;2;2
1.666.825.468.602;886317056;2;2
1.666.825.468.602;886476800;2;2
1.666.825.468.602;886403072;2;2
1.666.825.468.602;886419456;2;2
1.666.825.468.602;886312960;2;2
1.666.825.468.602;886476800;2;2
1.666.825.468.602;886386688;2;2
1.666.825.468.602;886509568;2;2
1.666.825.468.602;886378496;2;2
1.666.825.468.602;886218752;2;2
1.666.825.468.602;886190080;2;2
1.666.825.468.602;886222848;2;2
1.666.825.468.602;886059008;2;2
1.666.825.468.602;886259712;2;2
1.666.825.468.602;886292480;2;2
1.666.825.468.602;886358016;2;2
1.666.825.468.602;886218752;2;2
1.666.825.468.602;886517760;2;2
1.666.825.468.602;886259712;2;2
1.666.825.468.602;886349824;2;2
1.666.825.468.602;886259712;2;2
1.666.825.468.602;886259712;2;2
1.666.825.468.602;886292480;2;2
1.666.825.468.602;886349824;2;2
1.666.825.468.602;886325248;2;2
1.666.825.468.602;886185984;2;2
1.666.825.468.602;886218752;2;2
1.666.825.468.602;886292480;2;3
1.666.825.468.602;955924480;2;3
1.666.825.468.602;893345792;2;3
1.666.825.468.602;945967104;2;3
1.666.825.468.602;1076629504;2;3
1.666.825.468.602;1103548416;2;3
1.666.825.468.602;1106509824;2;3
1.666.825.468.602;1107140608;2;3
1.666.825.468.602;1107202048;2;3
1.666.825.468.602;1107968000;2;3
1.666.825.468.602;1107804160;2;3
1.666.825.468.602;1108066304;2;3
1.666.825.468.602;1108033536;2;3
1.666.825.468.602;1108701184;2;3
1.666.825.468.602;1108602880;2;3
1.666.825.468.602;1108635648;2;3
1.666.825.468.602;1108668416;2;3
1.666.825.468.602;1108635648;2;3
1.666.825.468.602;1108602880;2;3
1.666.825.468.602;1108570112;2;3
1.666.825.468.602;1108733952;2;3
1.666.825.468.602;1108955136;2;3
1.666.825.468.602;1108795392;2;3
1.666.825.468.602;1108860928;2;3
1.666.825.468.602;1108664320;2;3
1.666.825.468.602;1108889600;2;3
1.666.825.468.602;1108856832;2;3
1.666.825.468.602;1108955136;2;3
1.666.825.468.602;1108955136;2;3
1.666.825.468.602;1108922368;2;3
1.666.825.468.602;1108889600;2;3
1.666.825.468.602;1108824064;2;3
1.666.825.468.602;1108987904;2;3
1.666.825.468.602;1108951040;2;3
1.666.825.468.602;1109114880;2;3
1.666.825.468.602;1109016576;2;3
1.666.825.468.602;1108983808;2;3
1.666.825.468.602;1109016576;2;3
1.666.825.468.602;1109082112;2;3
1.666.825.468.602;1109082112;2;3
1.666.825.468.602;1109082112;2;3
1.666.825.468.602;1109082112;2;3
1.666.825.468.602;1108955136;2;3
1.666.825.468.602;1108856832;2;3
1.666.825.468.602;1108889600;2;3
1.666.825.468.602;1108824064;2;3
1.666.825.468.602;1108824064;2;3
1.666.825.468.602;1108922368;2;3
1.666.825.468.602;1108955136;2;3
1.666.825.468.602;1108824064;2;3
1.666.825.468.602;1108824064;2;3
1.666.825.468.602;1108889600;2;3
1.666.825.468.602;1108922368;2;3
1.666.825.468.602;1109143552;2;3
1.666.825.468.602;1109110784;2;3
1.666.825.468.602;1109241856;2;3
1.666.825.468.602;1109241856;2;3
1.666.825.468.602;1109397504;2;3
1.666.825.468.602;1109331968;2;3
1.666.825.468.602;1109364736;2;3
1.666.825.468.602;1109430272;3;3
1.666.825.468.602;1162776576;3;3
1.666.825.468.602;1127968768;3;3
1.666.825.468.602;1217753088;3;3
1.666.825.468.602;1316081664;3;3
1.666.825.468.602;1329074176;3;3
1.666.825.468.602;1330716672;3;3
1.666.825.468.602;1331560448;3;3
1.666.825.468.602;1331462144;3;3
1.666.825.468.602;1332011008;3;3
1.666.825.468.602;1331699712;3;3
1.666.825.468.602;1331699712;3;3
1.666.825.468.602;1330040832;3;3
1.666.825.468.602;1330356224;3;3
1.666.825.468.602;1330679808;3;3
1.666.825.468.602;1330671616;3;3
1.666.825.468.602;1330769920;3;3
1.666.825.468.602;1330810880;3;3
1.666.825.468.602;1331310592;3;3
1.666.825.468.602;1331253248;3;3
1.666.825.468.602;1331236864;3;3
1.666.825.468.602;1331154944;3;3
1.666.825.468.602;1331347456;3;3
1.666.825.468.602;1331404800;3;3
1.666.825.468.602;1331314688;3;3
1.666.825.468.602;1331404800;3;3
1.666.825.468.602;1331466240;3;3
1.666.825.468.602;1331400704;3;3
1.666.825.468.602;1331605504;3;3
1.666.825.468.602;1331572736;3;3
1.666.825.468.602;1331466240;3;3
1.666.825.468.602;1331572736;3;3
1.666.825.468.602;1331441664;3;3
1.666.825.468.602;1331507200;3;3
1.666.825.468.602;1331728384;3;3
1.666.825.468.602;1331752960;3;3
1.666.825.468.602;1331785728;3;3
1.666.825.468.602;1331847168;3;3
1.666.825.468.602;1331847168;3;3
1.666.825.468.602;1331855360;3;3
1.666.825.468.602;1331822592;3;3
1.666.825.468.602;1331904512;3;3
1.666.825.468.602;1331761152;3;3
1.666.825.468.602;1331785728;3;3
1.666.825.468.602;1331826688;3;3
1.666.825.468.602;1331728384;3;3
1.666.825.468.602;1331793920;3;3
1.666.825.468.602;1331687424;3;3
1.666.825.468.602;1331752960;3;3
1.666.825.468.602;1331712000;3;3
1.666.825.468.602;1331843072;3;3
1.666.825.468.602;1331793920;3;3
1.666.825.468.602;1331679232;3;3
1.666.825.468.602;1331736576;3;3
1.666.825.468.602;1331810304;3;3
1.666.825.468.602;1331867648;3;3
1.666.825.468.602;1331834880;3;3
1.666.825.468.602;1331871744;3;3
1.666.825.468.602;1331929088;3;3
1.666.825.468.602;1331838976;3;3
1.666.825.468.602;1331929088;3;4
1.666.825.468.602;1389940736;3;4
1.666.825.468.602;1339441152;3;4
1.666.825.468.602;1343590400;3;4
1.666.825.468.602;1459818496;3;4
1.666.825.468.602;1539932160;3;4
1.666.825.468.602;1552101376;3;4
1.666.825.468.602;1553260544;3;4
1.666.825.468.602;1553453056;3;4
1.666.825.468.602;1553666048;3;4
1.666.825.468.602;1553534976;3;4
1.666.825.468.602;1553674240;3;4
1.666.825.468.602;1553674240;3;4
1.666.825.468.602;1554055168;3;4
1.666.825.468.602;1553956864;3;4
1.666.825.468.602;1553997824;3;4
1.666.825.468.602;1554022400;3;4
1.666.825.468.602;1554018304;3;4
1.666.825.468.602;1554116608;3;4
1.666.825.468.602;1554051072;3;4
1.666.825.468.602;1554214912;3;4
1.666.825.468.602;1554104320;3;4
1.666.825.468.602;1554169856;3;4
1.666.825.468.602;1554276352;3;4
1.666.825.468.602;1554202624;3;4
1.666.825.468.602;1554681856;3;4
1.666.825.468.602;1554657280;3;4
1.666.825.468.602;1554624512;3;4
1.666.825.468.602;1554624512;3;4
1.666.825.468.602;1554395136;3;4
1.666.825.468.602;1554305024;3;4
1.666.825.468.602;1554305024;3;4
1.666.825.468.602;1554272256;3;4
1.666.825.468.602;1554563072;3;4
1.666.825.468.602;1554628608;3;4
1.666.825.468.602;1554522112;3;4
1.666.825.468.602;1554522112;3;4
1.666.825.468.602;1554522112;3;4
1.666.825.468.602;1554526208;3;4
1.666.825.468.602;1554624512;3;4
1.666.825.468.602;1554690048;3;4
1.666.825.468.602;1554550784;3;4
1.666.825.468.602;1554657280;3;4
1.666.825.468.602;1554591744;3;4
1.666.825.468.602;1554526208;3;4
1.666.825.468.602;1554690048;3;4
1.666.825.468.602;1554624512;3;4
1.666.825.468.602;1554624512;3;4
1.666.825.468.602;1554624512;3;4
1.666.825.468.602;1554624512;3;4
1.666.825.468.602;1554751488;3;4
1.666.825.468.602;1554808832;3;4
1.666.825.468.602;1554784256;3;4
1.666.825.468.602;1554751488;3;4
1.666.825.468.602;1554935808;3;4
1.666.825.468.602;1554812928;3;4
1.666.825.468.602;1554911232;3;4
1.666.825.468.602;1554878464;3;4
1.666.825.468.602;1555038208;3;4
1.666.825.468.602;1555005440;3;4
1.666.825.468.602;1555030016;4;4
1.666.825.468.602;1560477696;4;4
1.666.825.468.602;1562710016;4;4
1.666.825.468.602;1562718208;4;4
1.666.825.468.602;1682321408;4;4
1.666.825.468.602;1764589568;4;4
1.666.825.468.602;1775325184;4;4
1.666.825.468.602;1776185344;4;4
1.666.825.468.602;1776214016;4;4
1.666.825.468.602;1776705536;4;4
1.666.825.468.602;1776664576;4;4
1.666.825.468.602;1776812032;4;4
1.666.825.468.602;1776787456;4;4
1.666.825.468.602;1777422336;4;4
1.666.825.468.602;1777455104;4;4
1.666.825.468.602;1777356800;4;4
1.666.825.468.602;1777405952;4;4
1.666.825.468.602;1777393664;4;4
1.666.825.468.602;1777389568;4;4
1.666.825.468.602;1777422336;4;4
1.666.825.468.602;1777422336;4;4
1.666.825.468.602;1777418240;4;4
1.666.825.468.602;1777582080;4;4
1.666.825.468.602;1777451008;4;4
1.666.825.468.602;1777483776;4;4
1.666.825.468.602;1778122752;4;4
1.666.825.468.602;1778057216;4;4
1.666.825.468.602;1778049024;4;4
1.666.825.468.602;1778057216;4;4
1.666.825.468.602;1778470912;4;4
1.666.825.468.602;1778388992;4;4
1.666.825.468.602;1778556928;4;4
1.666.825.468.602;1778458624;4;4
1.666.825.468.602;1778814976;4;4
1.666.825.468.602;1778913280;4;4
1.666.825.468.602;1778343936;4;4
1.666.825.468.602;1778376704;4;4
1.666.825.468.602;1778429952;4;4
1.666.825.468.602;1778470912;4;4
1.666.825.468.602;1778356224;4;4
1.666.825.468.602;1778520064;4;4
1.666.825.468.602;1777786880;4;4
1.666.825.468.602;1777684480;4;4
1.666.825.468.602;1777627136;4;4
1.666.825.468.602;1777684480;4;4
1.666.825.468.602;1777627136;4;4
1.666.825.468.602;1777586176;4;4
1.666.825.468.602;1777758208;4;4
1.666.825.468.602;1777725440;4;4
1.666.825.468.602;1777819648;4;4
1.666.825.468.602;1777754112;4;4
1.666.825.468.602;1777647616;4;4
1.666.825.468.602;1777713152;4;4
1.666.825.468.602;1778171904;4;4
1.666.825.468.602;1777950720;4;4
1.666.825.468.602;1778106368;4;4
1.666.825.468.602;1778016256;4;4
1.666.825.468.602;1778225152;4;4
1.666.825.468.602;1778200576;4;4
1.666.825.468.602;1778192384;4;4
1.666.825.468.602;1778192384;4;5
1.666.825.468.602;1778094080;4;5
1.666.825.468.602;1785430016;4;5
1.666.825.468.602;1785638912;4;5
1.666.825.468.602;1841352704;4;5
1.666.825.468.602;1977131008;4;5
1.666.825.468.602;1994649600;4;5
1.666.825.468.602;1998106624;4;5
1.666.825.468.602;1998852096;4;5
1.666.825.468.602;1998905344;4;5
1.666.825.468.602;1999319040;4;5
1.666.825.468.602;1999253504;4;5
1.666.825.468.602;1999220736;4;5
1.666.825.468.602;1999351808;4;5
1.666.825.468.602;1999917056;4;5
1.666.825.468.602;1999761408;4;5
1.666.825.468.602;1999925248;4;5
1.666.825.468.602;1999867904;4;5
1.666.825.468.602;1999925248;4;5
1.666.825.468.602;1999826944;4;5
1.666.825.468.602;1999761408;4;5
1.666.825.468.602;1999978496;4;5
1.666.825.468.602;2000019456;4;5
1.666.825.468.602;1999953920;4;5
1.666.825.468.602;2000019456;4;5
1.666.825.468.602;2000338944;4;5
1.666.825.468.602;2000248832;4;5
1.666.825.468.602;2000207872;4;5
1.666.825.468.602;2000207872;4;5
1.666.825.468.602;2000424960;4;5
1.666.825.468.602;2000334848;4;5
1.666.825.468.602;2000424960;4;5
1.666.825.468.602;2000433152;4;5
1.666.825.468.602;2000613376;4;5
1.666.825.468.602;2000687104;4;5
1.666.825.468.602;2000719872;4;5
1.666.825.468.602;2000580608;4;5
1.666.825.468.602;2000646144;4;5
1.666.825.468.602;2000719872;4;5
1.666.825.468.602;2000621568;4;5
1.666.825.468.602;2000564224;4;5
1.666.825.468.602;2000605184;4;5
1.666.825.468.602;2000601088;4;5
1.666.825.468.602;2000478208;4;5
1.666.825.468.602;2000609280;4;5
1.666.825.468.602;2000695296;4;5
1.666.825.468.602;2000801792;4;5
1.666.825.468.602;2000769024;4;5
1.666.825.468.602;2000605184;4;5
1.666.825.468.602;2000855040;4;5
1.666.825.468.602;2000723968;4;5
1.666.825.468.602;2000764928;4;5
1.666.825.468.602;2000830464;4;5
1.666.825.468.602;2000830464;4;5
1.666.825.468.602;2000756736;4;5
1.666.825.468.602;2000855040;4;5
1.666.825.468.602;2000830464;4;5
1.666.825.468.602;2000932864;4;5
1.666.825.468.602;2000658432;4;5
1.666.825.468.602;2000699392;4;5
1.666.825.468.602;2000838656;5;5
1.666.825.468.602;2052120576;5;5
1.666.825.468.602;2008580096;5;5
1.666.825.468.602;2051465216;5;5
1.666.825.468.602;2128801792;5;5
1.666.825.468.602;2208423936;5;5
1.666.825.468.602;2220843008;5;5
1.666.825.468.602;2223390720;5;5
1.666.825.468.602;2223415296;5;5
1.666.825.468.602;2223988736;5;5
1.666.825.468.602;2223931392;5;5
1.666.825.468.602;2223841280;5;5
1.666.825.468.602;2223955968;5;5
1.666.825.468.602;2224369664;5;5
1.666.825.468.602;2224476160;5;5
1.666.825.468.602;2224476160;5;5
1.666.825.468.602;2224369664;5;5
1.666.825.468.602;2224377856;5;5
1.666.825.468.602;2224496640;5;5
1.666.825.468.602;2224562176;5;5
1.666.825.468.602;2224553984;5;5
1.666.825.468.602;2224635904;5;5
1.666.825.468.602;2224533504;5;5
1.666.825.468.602;2224623616;5;5
1.666.825.468.602;2224599040;5;5
1.666.825.468.602;2224615424;5;5
1.666.825.468.602;2224963584;5;5
1.666.825.468.602;2225045504;5;5
1.666.825.468.602;2225127424;5;5
1.666.825.468.602;2223497216;5;5
1.666.825.468.602;2223497216;5;5
1.666.825.468.602;2223480832;5;5
1.666.825.468.602;2223423488;5;5
1.666.825.468.602;2223570944;5;5
1.666.825.468.602;2223558656;5;5
1.666.825.468.602;2223599616;5;5
1.666.825.468.602;2223501312;5;5
1.666.825.468.602;2223857664;5;5
1.666.825.468.602;2223783936;5;5
1.666.825.468.602;2223824896;5;5
1.666.825.468.602;2223759360;5;5
1.666.825.468.602;2223783936;5;5
1.666.825.468.602;2223783936;5;5
1.666.825.468.602;2223751168;5;5
1.666.825.468.602;2223751168;5;5
1.666.825.468.602;2223964160;5;5
1.666.825.468.602;2224013312;5;5
1.666.825.468.602;2224111616;5;5
1.666.825.468.602;2224054272;5;5
1.666.825.468.602;2224123904;5;5
1.666.825.468.602;2224082944;5;5
1.666.825.468.602;2224148480;5;5
1.666.825.468.602;2224099328;5;5
1.666.825.468.602;2224189440;5;5
1.666.825.468.602;2224050176;5;5
1.666.825.468.602;2224082944;5;5
1.666.825.468.602;2224181248;5;5
1.666.825.468.602;2224283648;5;5
1.666.825.468.602;2224144384;5;5
1.666.825.468.602;2224291840;5;5
1.666.825.468.602;2224324608;5;6
1.666.825.468.602;2230308864;5;6
1.666.825.468.602;2231959552;5;6
1.666.825.468.602;2238148608;5;6
1.666.825.468.602;2288771072;5;6
1.666.825.468.602;2400899072;5;6
1.666.825.468.602;2432200704;5;6
1.666.825.468.602;2443259904;5;6
1.666.825.468.602;2445463552;5;6
1.666.825.468.602;2446073856;5;6
1.666.825.468.602;2446049280;5;6
1.666.825.468.602;2445877248;5;6
1.666.825.468.602;2445901824;5;6
1.666.825.468.602;2446548992;5;6
1.666.825.468.602;2446491648;5;6
1.666.825.468.602;2446581760;5;6
1.666.825.468.602;2446516224;5;6
1.666.825.468.602;2446716928;5;6
1.666.825.468.602;2446610432;5;6
1.666.825.468.602;2446675968;5;6
1.666.825.468.602;2446733312;5;6
1.666.825.468.602;2447159296;5;6
1.666.825.468.602;2447241216;5;6
1.666.825.468.602;2447175680;5;6
1.666.825.468.602;2447134720;5;6
1.666.825.468.602;2447802368;5;6
1.666.825.468.602;2447609856;5;6
1.666.825.468.602;2447609856;5;6
1.666.825.468.602;2447691776;5;6
1.666.825.468.602;2447708160;5;6
1.666.825.468.602;2447495168;5;6
1.666.825.468.602;2447429632;5;6
1.666.825.468.602;2447421440;5;6
1.666.825.468.602;2447347712;5;6
1.666.825.468.602;2447499264;5;6
1.666.825.468.602;2447507456;5;6
1.666.825.468.602;2447572992;5;6
1.666.825.468.602;2447466496;5;6
1.666.825.468.602;2447749120;5;6
1.666.825.468.602;2447691776;5;6
1.666.825.468.602;2447626240;5;6
1.666.825.468.602;2447691776;5;6
1.666.825.468.602;2447593472;5;6
1.666.825.468.602;2447822848;5;6
1.666.825.468.602;2447634432;5;6
1.666.825.468.602;2447695872;5;6
1.666.825.468.602;2447777792;5;6
1.666.825.468.602;2447466496;5;6
1.666.825.468.602;2447458304;5;6
1.666.825.468.602;2447630336;5;6
1.666.825.468.602;2447507456;5;6
1.666.825.468.602;2447433728;5;6
1.666.825.468.602;2447572992;5;6
1.666.825.468.602;2447507456;5;6
1.666.825.468.602;2447491072;5;6
1.666.825.468.602;2447532032;5;6
1.666.825.468.602;2447556608;5;6
1.666.825.468.602;2447659008;5;6
1.666.825.468.602;2447601664;5;6
1.666.825.468.602;2447699968;5;6
1.666.825.468.602;2447634432;6;6
1.666.825.468.602;2485374976;6;6
1.666.825.468.602;2506158080;6;6
1.666.825.468.602;2455642112;6;6
1.666.825.468.602;2523328512;6;6
1.666.825.468.602;2576097280;6;6
1.666.825.468.602;2654085120;6;6
1.666.825.468.602;2667261952;6;6
1.666.825.468.602;2669699072;6;6
1.666.825.468.602;2670178304;6;6
1.666.825.468.602;2669527040;6;6
1.666.825.468.602;2669568000;6;6
1.666.825.468.602;2669559808;6;6
1.666.825.468.602;2670198784;6;6
1.666.825.468.602;2670133248;6;6
1.666.825.468.602;2670166016;6;6
1.666.825.468.602;2670182400;6;6
1.666.825.468.602;2670579712;6;6
1.666.825.468.602;2670473216;6;6
1.666.825.468.602;2670456832;6;6
1.666.825.468.602;2670391296;6;6
1.666.825.468.602;2670747648;6;6
1.666.825.468.602;2670555136;6;6
1.666.825.468.602;2670587904;6;6
1.666.825.468.602;2670522368;6;6
1.666.825.468.602;2670784512;6;6
1.666.825.468.602;2670759936;6;6
1.666.825.468.602;2670518272;6;6
1.666.825.468.602;2670575616;6;6
1.666.825.468.602;2670575616;6;6
1.666.825.468.602;2670858240;6;6
1.666.825.468.602;2670698496;6;6
1.666.825.468.602;2670624768;6;6
1.666.825.468.602;2670551040;6;6
1.666.825.468.602;2670809088;6;6
1.666.825.468.602;2670727168;6;6
1.666.825.468.602;2670702592;6;6
1.666.825.468.602;2670710784;6;6
1.666.825.468.602;2671054848;6;6
1.666.825.468.602;2671079424;6;6
1.666.825.468.602;2670956544;6;6
1.666.825.468.602;2670989312;6;6
1.666.825.468.602;2670997504;6;6
1.666.825.468.602;2670956544;6;6
1.666.825.468.602;2670907392;6;6
1.666.825.468.602;2672140288;6;6
1.666.825.468.602;2671075328;6;6
1.666.825.468.602;2671190016;6;6
1.666.825.468.602;2671124480;6;6
1.666.825.468.602;2671501312;6;6
1.666.825.468.602;2671415296;6;6
1.666.825.468.602;2671218688;6;6
1.666.825.468.602;2671259648;6;6
1.666.825.468.602;2671333376;6;6
1.666.825.468.602;2671235072;6;6
1.666.825.468.602;2671267840;6;6
1.666.825.468.602;2671308800;6;6
1.666.825.468.602;2671587328;6;6
1.666.825.468.602;2671419392;6;6
1.666.825.468.602;2671562752;6;6
1.666.825.468.602;2671628288;6;7
1.666.825.468.602;2692689920;6;7
1.666.825.468.602;2686238720;6;7
1.666.825.468.602;2723631104;6;7
1.666.825.468.602;2731085824;6;7
1.666.825.468.602;2786099200;6;7
1.666.825.468.602;2874523648;6;7
1.666.825.468.602;2883145728;6;7
1.666.825.468.602;2891558912;6;7
1.666.825.468.602;2893729792;6;7
1.666.825.468.602;2893631488;6;7
1.666.825.468.602;2893778944;6;7
1.666.825.468.602;2893729792;6;7
1.666.825.468.602;2893975552;6;7
1.666.825.468.602;2893942784;6;7
1.666.825.468.602;2893950976;6;7
1.666.825.468.602;2893942784;6;7
1.666.825.468.602;2894737408;6;7
1.666.825.468.602;2894761984;6;7
1.666.825.468.602;2895024128;6;7
1.666.825.468.602;2894868480;6;7
1.666.825.468.602;2895491072;6;7
1.666.825.468.602;2895441920;6;7
1.666.825.468.602;2895540224;6;7
1.666.825.468.602;2895507456;6;7
1.666.825.468.602;2895728640;6;7
1.666.825.468.602;2895736832;6;7
1.666.825.468.602;2895720448;6;7
1.666.825.468.602;2895728640;6;7
1.666.825.468.602;2895007744;6;7
1.666.825.468.602;2894983168;6;7
1.666.825.468.602;2895024128;6;7
1.666.825.468.602;2895024128;6;7
1.666.825.468.602;2895007744;6;7
1.666.825.468.602;2895167488;6;7
1.666.825.468.602;2895036416;6;7
1.666.825.468.602;2895101952;6;7
1.666.825.468.602;2895003648;6;7
1.666.825.468.602;2895036416;6;7
1.666.825.468.602;2895118336;6;7
1.666.825.468.602;2895126528;6;7
1.666.825.468.602;2895052800;6;7
1.666.825.468.602;2895167488;6;7
1.666.825.468.602;2894979072;6;7
1.666.825.468.602;2895167488;6;7
1.666.825.468.602;2895110144;6;7
1.666.825.468.602;2895171584;6;7
1.666.825.468.602;2895228928;6;7
1.666.825.468.602;2895097856;6;7
1.666.825.468.602;2895405056;6;7
1.666.825.468.602;2895204352;6;7
1.666.825.468.602;2895171584;6;7
1.666.825.468.602;2895319040;6;7
1.666.825.468.602;2895364096;6;7
1.666.825.468.602;2895282176;6;7
1.666.825.468.602;2895343616;6;7
1.666.825.468.602;2895286272;6;7
1.666.825.468.602;2895413248;6;7
1.666.825.468.602;2895331328;6;7
1.666.825.468.602;2895372288;6;7
1.666.825.468.602;2895273984;7;7
1.666.825.468.602;2953920512;7;7
1.666.825.468.602;2903408640;7;7
1.666.825.468.602;2903408640;7;7
1.666.825.468.602;2903384064;7;7
1.666.825.468.602;2960273408;7;7
1.666.825.468.602;3066667008;7;7
1.666.825.468.602;3103363072;7;7
1.666.825.468.602;3109007360;7;7
1.666.825.468.602;3115724800;7;7
1.666.825.468.602;3117129728;7;7
1.666.825.468.602;3117391872;7;7
1.666.825.468.602;3117375488;7;7
1.666.825.468.602;3117899776;7;7
1.666.825.468.602;3117867008;7;7
1.666.825.468.602;3118047232;7;7
1.666.825.468.602;3118145536;7;7
1.666.825.468.602;3118395392;7;7
1.666.825.468.602;3118403584;7;7
1.666.825.468.602;3118555136;7;7
1.666.825.468.602;3118522368;7;7
1.666.825.468.602;3119005696;7;7
1.666.825.468.602;3119063040;7;7
1.666.825.468.602;3119210496;7;7
1.666.825.468.602;3118964736;7;7
1.666.825.468.602;3119226880;7;7
1.666.825.468.602;3119316992;7;7
1.666.825.468.602;3119292416;7;7
1.666.825.468.602;3119308800;7;7
1.666.825.468.602;3118764032;7;7
1.666.825.468.602;3118829568;7;7
1.666.825.468.602;3118968832;7;7
1.666.825.468.602;3118977024;7;7
1.666.825.468.602;3118972928;7;7
1.666.825.468.602;3119063040;7;7
1.666.825.468.602;3119063040;7;7
1.666.825.468.602;3119112192;7;7
1.666.825.468.602;3119071232;7;7
1.666.825.468.602;3119005696;7;7
1.666.825.468.602;3119104000;7;7
1.666.825.468.602;3118972928;7;7
1.666.825.468.602;3119054848;7;7
1.666.825.468.602;3119554560;7;7
1.666.825.468.602;3119521792;7;7
1.666.825.468.602;3119722496;7;7
1.666.825.468.602;3119665152;7;7
1.666.825.468.602;3120107520;7;7
1.666.825.468.602;3120189440;7;7
1.666.825.468.602;3118714880;7;7
1.666.825.468.602;3118526464;7;7
1.666.825.468.602;3118743552;7;7
1.666.825.468.602;3118858240;7;7
1.666.825.468.602;3118841856;7;7
1.666.825.468.602;3118710784;7;7
1.666.825.468.602;3118710784;7;7
1.666.825.468.602;3118817280;7;7
1.666.825.468.602;3118948352;7;7
1.666.825.468.602;3118903296;7;7
1.666.825.468.602;3118993408;7;7
1.666.825.468.602;3118870528;7;7
1.666.825.468.602;3118977024;7;8
1.666.825.468.602;3134611456;7;8
1.666.825.468.602;3169472512;7;8
1.666.825.468.602;3142414336;7;8
1.666.825.468.602;3127189504;7;8
1.666.825.468.602;3183788032;7;8
1.666.825.468.602;3248279552;7;8
1.666.825.468.602;3323518976;7;8
1.666.825.468.602;3336028160;7;8
1.666.825.468.602;3339448320;7;8
1.666.825.468.602;3341418496;7;8
1.666.825.468.602;3342036992;7;8
1.666.825.468.602;3342254080;7;8
1.666.825.468.602;3342745600;7;8
1.666.825.468.602;3342868480;7;8
1.666.825.468.602;3342737408;7;8
1.666.825.468.602;3342835712;7;8
1.666.825.468.602;3343110144;7;8
1.666.825.468.602;3343175680;7;8
1.666.825.468.602;3343151104;7;8
1.666.825.468.602;3343142912;7;8
1.666.825.468.602;3343405056;7;8
1.666.825.468.602;3343331328;7;8
1.666.825.468.602;3343486976;7;8
1.666.825.468.602;3343339520;7;8
1.666.825.468.602;3343298560;7;8
1.666.825.468.602;3343421440;7;8
1.666.825.468.602;3343405056;7;8
1.666.825.468.602;3343556608;7;8
1.666.825.468.602;3343548416;7;8
1.666.825.468.602;3343532032;7;8
1.666.825.468.602;3343556608;7;8
1.666.825.468.602;3343532032;7;8
1.666.825.468.602;3343675392;7;8
1.666.825.468.602;3342180352;7;8
1.666.825.468.602;3342262272;7;8
1.666.825.468.602;3342262272;7;8
1.666.825.468.602;3342270464;7;8
1.666.825.468.602;3342196736;7;8
1.666.825.468.602;3342229504;7;8
1.666.825.468.602;3342262272;7;8
1.666.825.468.602;3342172160;7;8
1.666.825.468.602;3342372864;7;8
1.666.825.468.602;3342192640;7;8
1.666.825.468.602;3342217216;7;8
1.666.825.468.602;3342471168;7;8
1.666.825.468.602;3342368768;7;8
1.666.825.468.602;3342393344;7;8
1.666.825.468.602;3342417920;7;8
1.666.825.468.602;3342434304;7;8
1.666.825.468.602;3342925824;7;8
1.666.825.468.602;3342643200;7;8
1.666.825.468.602;3342594048;7;8
1.666.825.468.602;3342643200;7;8
1.666.825.468.602;3342585856;7;8
1.666.825.468.602;3342618624;7;8
1.666.825.468.602;3342675968;7;8
1.666.825.468.602;3342839808;7;8
1.666.825.468.602;3342757888;7;8
1.666.825.468.602;3342929920;7;8
1.666.825.468.602;3342905344;8;8
1.666.825.468.602;3358167040;8;8
1.666.825.468.602;3400331264;8;8
1.666.825.468.602;3352129536;8;8
1.666.825.468.602;3352129536;8;8
1.666.825.468.602;3412258816;8;8
1.666.825.468.602;3437121536;8;8
1.666.825.468.602;3514789888;8;8
1.666.825.468.602;3560230912;8;8
1.666.825.468.602;3552043008;8;8
1.666.825.468.602;3560656896;8;8
1.666.825.468.602;3563986944;8;8
1.666.825.468.602;3564666880;8;8
1.666.825.468.602;3565211648;8;8
1.666.825.468.602;3565195264;8;8
1.666.825.468.602;3565195264;8;8
1.666.825.468.602;3565219840;8;8
1.666.825.468.602;3565408256;8;8
1.666.825.468.602;3565187072;8;8
1.666.825.468.602;3565383680;8;8
1.666.825.468.602;3565309952;8;8
1.666.825.468.602;3565760512;8;8
1.666.825.468.602;3565727744;8;8
1.666.825.468.602;3565760512;8;8
1.666.825.468.602;3565768704;8;8
1.666.825.468.602;3565703168;8;8
1.666.825.468.602;3565834240;8;8
1.666.825.468.602;3565744128;8;8
1.666.825.468.602;3565834240;8;8
1.666.825.468.602;3565854720;8;8
1.666.825.468.602;3565838336;8;8
1.666.825.468.602;3565920256;8;8
1.666.825.468.602;3565846528;8;8
1.666.825.468.602;3566145536;8;8
1.666.825.468.602;3566047232;8;8
1.666.825.468.602;3566071808;8;8
1.666.825.468.602;3566071808;8;8
1.666.825.468.602;3565907968;8;8
1.666.825.468.602;3566141440;8;8
1.666.825.468.602;3566043136;8;8
1.666.825.468.602;3566239744;8;8
1.666.825.468.602;3566198784;8;8
1.666.825.468.602;3566174208;8;8
1.666.825.468.602;3566198784;8;8
1.666.825.468.602;3566092288;8;8
1.666.825.468.602;3566084096;8;8
1.666.825.468.602;3566292992;8;8
1.666.825.468.602;3566325760;8;8
1.666.825.468.602;3566219264;8;8
1.666.825.468.602;3571183616;8;8
1.666.825.468.602;3566366720;8;8
1.666.825.468.602;3566260224;8;8
1.666.825.468.602;3566186496;8;8
1.666.825.468.602;3566292992;8;8
1.666.825.468.602;3566292992;8;8
1.666.825.468.602;3566325760;8;8
1.666.825.468.602;3566333952;8;8
1.666.825.468.602;3566379008;8;8
1.666.825.468.602;3566419968;8;8
1.666.825.468.602;3566280704;8;8
1.666.825.468.602;3566419968;8;9
1.666.825.468.602;3577966592;8;9
1.666.825.468.602;3624710144;8;9
1.666.825.468.602;3623174144;8;9
1.666.825.468.602;3574169600;8;9
1.666.825.468.602;3609387008;8;9
1.666.825.468.602;3630432256;8;9
1.666.825.468.602;3680653312;8;9
1.666.825.468.602;3738984448;8;9
1.666.825.468.602;3773984768;8;9
1.666.825.468.602;3781767168;8;9
1.666.825.468.602;3778392064;8;9
1.666.825.468.602;3785838592;8;9
1.666.825.468.602;3788648448;8;9
1.666.825.468.602;3788898304;8;9
1.666.825.468.602;3788845056;8;9
1.666.825.468.602;3788902400;8;9
1.666.825.468.602;3789357056;8;9
1.666.825.468.602;3789340672;8;9
1.666.825.468.602;3789463552;8;9
1.666.825.468.602;3789266944;8;9
1.666.825.468.602;3789725696;8;9
1.666.825.468.602;3789676544;8;9
1.666.825.468.602;3789651968;8;9
1.666.825.468.602;3789496320;8;9
1.666.825.468.602;3790061568;8;9
1.666.825.468.602;3790143488;8;9
1.666.825.468.602;3790020608;8;9
1.666.825.468.602;3790217216;8;9
1.666.825.468.602;3790262272;8;9
1.666.825.468.602;3790262272;8;9
1.666.825.468.602;3790163968;8;9
1.666.825.468.602;3790344192;8;9
1.666.825.468.602;3790471168;8;9
1.666.825.468.602;3790471168;8;9
1.666.825.468.602;3790245888;8;9
1.666.825.468.602;3790368768;8;9
1.666.825.468.602;3790061568;8;9
1.666.825.468.602;3790381056;8;9
1.666.825.468.602;3790610432;8;9
1.666.825.468.602;3790405632;8;9
1.666.825.468.602;3790503936;8;9
1.666.825.468.602;3790340096;8;9
1.666.825.468.602;3790241792;8;9
1.666.825.468.602;3790381056;8;9
1.666.825.468.602;3790315520;8;9
1.666.825.468.602;3790364672;8;9
1.666.825.468.602;3790413824;8;9
1.666.825.468.602;3790323712;8;9
1.666.825.468.602;3790671872;8;9
1.666.825.468.602;3790557184;8;9
1.666.825.468.602;3790307328;8;9
1.666.825.468.602;3790356480;8;9
1.666.825.468.602;3790258176;8;9
1.666.825.468.602;3790274560;8;9
1.666.825.468.602;3790282752;8;9
1.666.825.468.602;3790307328;8;9
1.666.825.468.602;3790442496;8;9
1.666.825.468.602;3790598144;8;9
1.666.825.468.602;3790475264;8;9
1.666.825.468.602;3790675968;9;9
1.666.825.468.602;3794595840;9;9
1.666.825.468.602;3845058560;9;9
1.666.825.468.602;3799605248;9;9
1.666.825.468.602;3840667648;9;9
1.666.825.468.602;3798634496;9;9
1.666.825.468.602;3849527296;9;9
1.666.825.468.602;3864518656;9;9
1.666.825.468.602;3897085952;9;9
1.666.825.468.602;3918692352;9;9
1.666.825.468.602;3971600384;9;9
1.666.825.468.602;3993296896;9;9
1.666.825.468.602;3996807168;9;9
1.666.825.468.602;4002410496;9;9
1.666.825.468.602;4008185856;9;9
1.666.825.468.602;4010344448;9;9
1.666.825.468.602;4012433408;9;9
1.666.825.468.602;4012351488;9;9
1.666.825.468.602;4012896256;9;9
1.666.825.468.602;4012847104;9;9
1.666.825.468.602;4013334528;9;9
1.666.825.468.602;4013383680;9;9
1.666.825.468.602;4013268992;9;9
1.666.825.468.602;4013170688;9;9
1.666.825.468.602;4013428736;9;9
1.666.825.468.602;4013387776;9;9
1.666.825.468.602;4013477888;9;9
1.666.825.468.602;4013477888;9;9
1.666.825.468.602;4013486080;9;9
1.666.825.468.602;4013662208;9;9
1.666.825.468.602;4013613056;9;9
1.666.825.468.602;4013481984;9;9
1.666.825.468.602;4013522944;9;9
1.666.825.468.602;4013723648;9;9
1.666.825.468.602;4013666304;9;9
1.666.825.468.602;4013756416;9;9
1.666.825.468.602;4013674496;9;9
1.666.825.468.602;4013735936;9;9
1.666.825.468.602;4013826048;9;9
1.666.825.468.602;4013817856;9;9
1.666.825.468.602;4013817856;9;9
1.666.825.468.602;4013957120;9;9
1.666.825.468.602;4013776896;9;9
1.666.825.468.602;4013932544;9;9
1.666.825.468.602;4014067712;9;9
1.666.825.468.602;4014059520;9;9
1.666.825.468.602;4013961216;9;9
1.666.825.468.602;4013936640;9;9
1.666.825.468.602;4014166016;9;9
1.666.825.468.602;4014206976;9;9
1.666.825.468.602;4014149632;9;9
1.666.825.468.602;4014141440;9;9
1.666.825.468.602;4014292992;9;9
1.666.825.468.602;4014415872;9;9
1.666.825.468.602;4014374912;9;9
1.666.825.468.602;4014309376;9;9
1.666.825.468.602;4014546944;9;9
1.666.825.468.602;4014563328;9;9
1.666.825.468.602;4014682112;9;9
1.666.825.468.602;4014739456;9;9
1.666.825.468.602;4031594496;9;9
1.666.825.468.602;4070248448;9;10
1.666.825.468.602;4021862400;9;10
1.666.825.468.602;4023463936;9;10
1.666.825.468.602;4021800960;9;10
1.666.825.468.602;4022251520;9;10
1.666.825.468.602;4074438656;9;10
1.666.825.468.602;4090658816;9;10
1.666.825.468.602;4079796224;9;10
1.666.825.468.602;4124835840;9;10
1.666.825.468.602;4143214592;9;10
1.666.825.468.602;4193202176;9;10
1.666.825.468.602;4221050880;9;10
1.666.825.468.602;4222185472;9;10
1.666.825.468.602;4222636032;9;10
1.666.825.468.602;4225642496;9;10
1.666.825.468.602;4228124672;9;10
1.666.825.468.602;4233621504;9;10
1.666.825.468.602;4234645504;9;10
1.666.825.468.602;4236746752;9;10
1.666.825.468.602;4236996608;9;10
1.666.825.468.602;4237012992;9;10
1.666.825.468.602;4237086720;9;10
1.666.825.468.602;4237144064;9;10
1.666.825.468.602;4237144064;9;10
1.666.825.468.602;4237238272;9;10
1.666.825.468.602;4237213696;9;10
1.666.825.468.602;4237402112;9;10
1.666.825.468.602;4237205504;9;10
1.666.825.468.602;4237242368;9;10
1.666.825.468.602;4237340672;9;10
1.666.825.468.602;4237266944;9;10
1.666.825.468.602;4237406208;9;10
1.666.825.468.602;4237504512;9;10
1.666.825.468.602;4237463552;9;10
1.666.825.468.602;4237570048;9;10
1.666.825.468.602;4237733888;9;10
1.666.825.468.602;4237754368;9;10
1.666.825.468.602;4237664256;9;10
1.666.825.468.602;4237688832;9;10
1.666.825.468.602;4237852672;9;10
1.666.825.468.602;4237762560;9;10
1.666.825.468.602;4237705216;9;10
1.666.825.468.602;4237688832;9;10
1.666.825.468.602;4237971456;9;10
1.666.825.468.602;4237692928;9;10
1.666.825.468.602;4237774848;9;10
1.666.825.468.602;4237856768;9;10
1.666.825.468.602;4237815808;9;10
1.666.825.468.602;4237783040;9;10
1.666.825.468.602;4237750272;9;10
1.666.825.468.602;4237717504;9;10
1.666.825.468.602;4237770752;9;10
1.666.825.468.602;4238057472;9;10
1.666.825.468.602;4238106624;9;10
1.666.825.468.602;4237942784;9;10
1.666.825.468.602;4237942784;9;10
1.666.825.468.602;4237930496;9;10
1.666.825.468.602;4238102528;9;10
1.666.825.468.602;4238135296;9;10
1.666.825.468.602;4249612288;9;10
1.666.825.468.602;4243415040;10;10
1.666.825.468.602;4297113600;10;10
1.666.825.468.602;4295528448;10;10
1.666.825.468.602;4249899008;10;10
1.666.825.468.602;4289703936;10;10
1.666.825.468.602;4251652096;10;10
1.666.825.468.602;4300132352;10;10
1.666.825.468.602;4315131904;10;10
1.666.825.468.602;4303245312;10;10
1.666.825.468.602;4308938752;10;10
1.666.825.468.602;4349321216;10;10
1.666.825.468.602;4357054464;10;10
1.666.825.468.602;4368371712;10;10
1.666.825.468.602;4415594496;10;10
1.666.825.468.602;4438646784;10;10
1.666.825.468.602;4442456064;10;10
1.666.825.468.602;4456595456;10;10
1.666.825.468.602;4447326208;10;10
1.666.825.468.602;4451180544;10;10
1.666.825.468.602;4450750464;10;10
1.666.825.468.602;4454182912;10;10
;;;
;;;
;;;
;;;
;;;
;;;
;;;
;;;
;;;
;;;
;;;
;;;
;;;
;;;
;;;
;;;
;;;
;;;
;;;
;;;
;;;
;;;
;;;
;;;
;;;
;;;
;;;
;;;
;;;
;;;
;;;
;;;
;;;
;;;
;;;
;;;
;;;
;;;
;;;
;;;
;;;
;;;
;;;
;;;
;;;
;;;
;;;
;;;
;;;
;;;
;;;
;;;
;;;
;;;
;;;
;;;
;;;
;;;
;;;
;;;
;;;
;;;
;;;
;;;
;;;
;;;
;;;
;;;
;;;
;;;
;;;
;;;
;;;
;;;
;;;
;;;
;;;
;;;
;;;
;;;
;;;
;;;
;;;
;;;
;;;
;;;
;;;
;;;
;;;
;;;
;;;
;;;
;;;
;;;
;;;
;;;
;;;
;;;
;;;
;;;
;;;
;;;
;;;
;;;
;;;
;;;
;;;
;;;
;;;
;;;
;;;
;;;
;;;
;;;
;;;
;;;
;;;
;;;
;;;
;;;
;;;
;;;
;;;
;;;
;;;
;;;
;;;
;;;
;;;
;;;
;;;
;;;
;;;
;;;
;;;
;;;
;;;
;;;
;;;
;;;
;;;
;;;
;;;
;;;
;;;
;;;
;;;
;;;
;;;
;;;
;;;
;;;
;;;
;;;
;;;
;;;
;;;
;;;
;;;
;;;
;;;
;;;
;;;
;;;
;;;
;;;
;;;
;;;
;;;
;;;
;;;
;;;
;;;
;;;
;;;
;;;
;;;
;;;
;;;
;;;
;;;
;;;
;;;
;;;
;;;
;;;
;;;
;;;
;;;
;;;
;;;
;;;
;;;
;;;
;;;
;;;
;;;
;;;
;;;
;;;
;;;
;;;
;;;
;;;
;;;
;;;
;;;
;;;
;;;
;;;
;;;
;;;
;;;
;;;
;;;
;;;
;;;
;;;
;;;
;;;
;;;
;;;
;;;
;;;
;;;
;;;
;;;
;;;
;;;
;;;
;;;
;;;
;;;
;;;
;;;
;;;
;;;
;;;
;;;
;;;
;;;
;;;
;;;
;;;
;;;
;;;
;;;
;;;
;;;
;;;
;;;
;;;
;;;
;;;
;;;
;;;
;;;
;;;
;;;
;;;
;;;
;;;
;;;
;;;
;;;
;;;
;;;
;;;
;;;
;;;
;;;
;;;
;;;
;;;
;;;
;;;
;;;
;;;
;;;
;;;
;;;
;;;
;;;
;;;
;;;
;;;
;;;
;;;
;;;
;;;
;;;
;;;
;;;
;;;
;;;
;;;
;;;
;;;
;;;
;;;
;;;
;;;
;;;
;;;
;;;
;;;
;;;
;;;
;;;
;;;
;;;
;;;
;;;
;;;
;;;
;;;
;;;
;;;
;;;
;;;
;;;
;;;
;;;
;;;
;;;
;;;
;;;
;;;
;;;
;;;
;;;
;;;
;;;
;;;
;;;
;;;
;;;
;;;
;;;
;;;
;;;
;;;
;;;
;;;
;;;
;;;
;;;
;;;
;;;
;;;
;;;
;;;
;;;
;;;
;;;
;;;
;;;
;;;
;;;
;;;
;;;
;;;
;;;
;;;
;;;
;;;
;;;
;;;
;;;
;;;
;;;
;;;
;;;
;;;
;;;
;;;
;;;
;;;
;;;
;;;
;;;
;;;
;;;
;;;
;;;
;;;
;;;
;;;
;;;
;;;
;;;
;;;
;;;
;;;
;;;
;;;
;;;
;;;
;;;
;;;
;;;
;;;
;;;
;;;
;;;
;;;
;;;
;;;
;;;
;;;
;;;
;;;
;;;
;;;
;;;
;;;
;;;
;;;
;;;
;;;
;;;
;;;
;;;
;;;
;;;
;;;
;;;
;;;
;;;
;;;
;;;
;;;
;;;
;;;
;;;
;;;
;;;
;;;
;;;
;;;
;;;
;;;
;;;
;;;
;;;
;;;
;;;
;;;
;;;
;;;
;;;
;;;
;;;
;;;
;;;
;;;
;;;
;;;
;;;
;;;
;;;
;;;
;;;
;;;
;;;
;;;
;;;
;;;
;;;
;;;
;;;
;;;
;;;
;;;
;;;
;;;
;;;
;;;
;;;
;;;
;;;
;;;
;;;
;;;
;;;
;;;
;;;
;;;
;;;
;;;
;;;
;;;
;;;
;;;
;;;
;;;
;;;
;;;
;;;
;;;
;;;
;;;
;;;
;;;
;;;
;;;
;;;
;;;
;;;
;;;
;;;
;;;
;;;
;;;
;;;
;;;
;;;
;;;
;;;
;;;
;;;
;;;
;;;
;;;
;;;
;;;
;;;
;;;
;;;
;;;
;;;
;;;
;;;
;;;
;;;
;;;
;;;
;;;
;;;
;;;
;;;
;;;
;;;
;;;
;;;
;;;
;;;
;;;
;;;
;;;
;;;
;;;
;;;
;;;
;;;
;;;
;;;
;;;
;;;
;;;
;;;
;;;
;;;
;;;
;;;
;;;
;;;
;;;
;;;
;;;
;;;
;;;
;;;
;;;
;;;
;;;
;;;
;;;
;;;
;;;
;;;
;;;
;;;
;;;
;;;
;;;
;;;
;;;
;;;
;;;
;;;
;;;
;;;
;;;
;;;
;;;
;;;
;;;
;;;
;;;
;;;
;;;
;;;
;;;
;;;
;;;
;;;
;;;
;;;
;;;
;;;
;;;
;;;
;;;
;;;
;;;
;;;
;;;
;;;
;;;
;;;
;;;
;;;
;;;
;;;
;;;
;;;
;;;
;;;
;;;
;;;
;;;
;;;
;;;
;;;
;;;
;;;
;;;
;;;
;;;
;;;
;;;
;;;
;;;
;;;
;;;
;;;
;;;
;;;
;;;
;;;
;;;
;;;
;;;
;;;
;;;
;;;
;;;
;;;
;;;
;;;
;;;
;;;
;;;
;;;
;;;
;;;
;;;
;;;
;;;
;;;
;;;
;;;
;;;
;;;
;;;
;;;
;;;
;;;
;;;
;;;
;;;
;;;
;;;
;;;
;;;
;;;
;;;
;;;
;;;
;;;
;;;
;;;
;;;
;;;
;;;
;;;
;;;
;;;
;;;
;;;
;;;
;;;
;;;
;;;
;;;
;;;
;;;
;;;
;;;
;;;
;;;
;;;
;;;
;;;
;;;
;;;
;;;
;;;
;;;
;;;
;;;
;;;
;;;
;;;
;;;
;;;
;;;
;;;
;;;
;;;
;;;
;;;
;;;
;;;
;;;
;;;
;;;
;;;
;;;
;;;
;;;
;;;
;;;
;;;
;;;
;;;
;;;
;;;
;;;
;;;
;;;
;;;
;;;
;;;
;;;
;;;
;;;
;;;
;;;
;;;
;;;
;;;
;;;
;;;
;;;
;;;
;;;
;;;
;;;
;;;
;;;
;;;
;;;
;;;
;;;
;;;
;;;
;;;
;;;
;;;
;;;
;;;
;;;
;;;
;;;
;;;
;;;
;;;
;;;
;;;
;;;
;;;
;;;
;;;
;;;
;;;
;;;
;;;
;;;
;;;
;;;
;;;
;;;
;;;
;;;
;;;
;;;
;;;
;;;
;;;
;;;
;;;
;;;
;;;
;;;
;;;
;;;
;;;
;;;
;;;
;;;
;;;
;;;
;;;
;;;
;;;
;;;
;;;
;;;
;;;
;;;
;;;
;;;
;;;
;;;
;;;
;;;
;;;
;;;
;;;
;;;
;;;
;;;
;;;
;;;
;;;
;;;
;;;
;;;
;;;
;;;
;;;
;;;
;;;
;;;
;;;
;;;
;;;
;;;
;;;
;;;
;;;
;;;
;;;
;;;
;;;
;;;
;;;
;;;
;;;
;;;
;;;
;;;
;;;
;;;
;;;
;;;
;;;
;;;
;;;
;;;
;;;
;;;
;;;
;;;
;;;
;;;
;;;
;;;
;;;
;;;
;;;
;;;
;;;
;;;
;;;
;;;
;;;
;;;
;;;
;;;
;;;
;;;
;;;
;;;
;;;
;;;
;;;
;;;
;;;
;;;
;;;
;;;
;;;
;;;
;;;
;;;
;;;
;;;
;;;
;;;
;;;
;;;
;;;
;;;
;;;
;;;
;;;
;;;
;;;
;;;
;;;
;;;
;;;
;;;
;;;
;;;
;;;
;;;
;;;
;;;
;;;
;;;
;;;
;;;
;;;
;;;
;;;
;;;
;;;
;;;
;;;
;;;
;;;
;;;
;;;
;;;
;;;
;;;
;;;
;;;
;;;
;;;
;;;
;;;
;;;
;;;
;;;
;;;
;;;
;;;
;;;
;;;
;;;
;;;
;;;
;;;
;;;
;;;
;;;
;;;
;;;
;;;
;;;
;;;
;;;
;;;
;;;
;;;
;;;
;;;
;;;
;;;
;;;
;;;
;;;
;;;
;;;
;;;
;;;
;;;
;;;
;;;
;;;
;;;
;;;
;;;
;;;
;;;
;;;
;;;
;;;
;;;
;;;
;;;
;;;
;;;
;;;
;;;
;;;
;;;
;;;
;;;
;;;
;;;
;;;
;;;
;;;
;;;
;;;
;;;
;;;
;;;
;;;
;;;
;;;
;;;
;;;
;;;
;;;
;;;
;;;
;;;
;;;
;;;
;;;
;;;
;;;
;;;
;;;
;;;
;;;
;;;
;;;
;;;
;;;
;;;
;;;
;;;
;;;
;;;
;;;
;;;
;;;
;;;
;;;
;;;
;;;
;;;
;;;
;;;
;;;
;;;
;;;
;;;
;;;
;;;
;;;
;;;
;;;
;;;
;;;
;;;
;;;
;;;
;;;
;;;
;;;
;;;
;;;
;;;
;;;
;;;
;;;
;;;
;;;
;;;
;;;
;;;
;;;
;;;
;;;
;;;
;;;
;;;
;;;
;;;
;;;
;;;
;;;
;;;
;;;
;;;
;;;
;;;
;;;
;;;
;;;
;;;
;;;
;;;
;;;
;;;
;;;
;;;
;;;
;;;
;;;
;;;
;;;
;;;
;;;
;;;
;;;
;;;
;;;
;;;
;;;
;;;
;;;
;;;
;;;
;;;
;;;
;;;
;;;
;;;
;;;
;;;
;;;
;;;
;;;
;;;
;;;
;;;
;;;
;;;
;;;
;;;
;;;
;;;
;;;
;;;
;;;
;;;
;;;
;;;
;;;
;;;
;;;
;;;
;;;
;;;
;;;
;;;
;;;
;;;
;;;
;;;
;;;
;;;
;;;
;;;
;;;
;;;
;;;
;;;
;;;
;;;
;;;
;;;
;;;
;;;
;;;
;;;
;;;
;;;
;;;
;;;
;;;
;;;
;;;
;;;
;;;
;;;
;;;
;;;
;;;
;;;
;;;
;;;
;;;
;;;
;;;
;;;
;;;
;;;
;;;
;;;
;;;
;;;
;;;
;;;
;;;
;;;
;;;
;;;
;;;
;;;
;;;
;;;
;;;
;;;
;;;
;;;
;;;
;;;
;;;
;;;
;;;
;;;
;;;
;;;
;;;
;;;
;;;
;;;
;;;
;;;
;;;
;;;
;;;
;;;
;;;
;;;
;;;
;;;
;;;
;;;
;;;
;;;
;;;
;;;
;;;
;;;
;;;
;;;
;;;
;;;
;;;
;;;
;;;
;;;
;;;
;;;
;;;
;;;
;;;
;;;
;;;
;;;
;;;
;;;
;;;
;;;
;;;
;;;
;;;
;;;
;;;
;;;
;;;
;;;
;;;
;;;
;;;
;;;
;;;
;;;
;;;
;;;
;;;
;;;
;;;
;;;
;;;
;;;
;;;
;;;
;;;
;;;
;;;
;;;
;;;
;;;
;;;
;;;
;;;
;;;
;;;
;;;
;;;
;;;
;;;
;;;
;;;
;;;
;;;
;;;
;;;
;;;
;;;
;;;
;;;
;;;
;;;
;;;
;;;
;;;
;;;
;;;
;;;
;;;
;;;
;;;
;;;
;;;
;;;
;;;
;;;
;;;
;;;
;;;
;;;
;;;
;;;
;;;
;;;
;;;
;;;
;;;
;;;
;;;
;;;
;;;
;;;
;;;
;;;
;;;
;;;
;;;
;;;
;;;
;;;
;;;
;;;
;;;
;;;
;;;
;;;
;;;
;;;
;;;
;;;
;;;
;;;
;;;
;;;
;;;
;;;
;;;
;;;
;;;
;;;
;;;
;;;
;;;
;;;
;;;
;;;
;;;
;;;
;;;
;;;
;;;
;;;
;;;
;;;
;;;
;;;
;;;
;;;
;;;
;;;
;;;
;;;
;;;
;;;
;;;
;;;
;;;
;;;
;;;
;;;
;;;
;;;
;;;
;;;
;;;
;;;
;;;
;;;
;;;
;;;
;;;
;;;
;;;
;;;
;;;
;;;
;;;
;;;
;;;
;;;
;;;
;;;
;;;
;;;
;;;
;;;
;;;
;;;
;;;
;;;
;;;
;;;
;;;
;;;
;;;
;;;
;;;
;;;
;;;
;;;
;;;
;;;
;;;
;;;
;;;
;;;
;;;
;;;
;;;
;;;
;;;
;;;
;;;
;;;
;;;
;;;
;;;
;;;
;;;
;;;
;;;
;;;
;;;
;;;
;;;
;;;
;;;
;;;
;;;
;;;
;;;
;;;
;;;
;;;
;;;
;;;
;;;
;;;
;;;
;;;
;;;
;;;
;;;
;;;
;;;
;;;
;;;
;;;
;;;
;;;
;;;
;;;
;;;
;;;
;;;
;;;
;;;
;;;
;;;
;;;
;;;
;;;
;;;
;;;
;;;
;;;
;;;
;;;
;;;
;;;
;;;
;;;
;;;
;;;
;;;
;;;
;;;
;;;
;;;
;;;
;;;
;;;
;;;
;;;
;;;
;;;
;;;
;;;
;;;
;;;
;;;
;;;
;;;
;;;
;;;
;;;
;;;
;;;
;;;
;;;
;;;
;;;
;;;
;;;
;;;
;;;
;;;
;;;
;;;
;;;
;;;
;;;
;;;
;;;
;;;
;;;
;;;
;;;
;;;
;;;
;;;
;;;
;;;
;;;
;;;
;;;
;;;
;;;
;;;
;;;
;;;
;;;
;;;
;;;
;;;
;;;
;;;
;;;
;;;
;;;
;;;
;;;
;;;
;;;
;;;
;;;
;;;
;;;
;;;
;;;
;;;
;;;
;;;
;;;
;;;
;;;
;;;
;;;
;;;
;;;
;;;
;;;
;;;
;;;
;;;
;;;
;;;
;;;
;;;
;;;
;;;
;;;
;;;
;;;
;;;
;;;
;;;
;;;
;;;
;;;
;;;
;;;
;;;
;;;
;;;
;;;
;;;
;;;
;;;
;;;
;;;
;;;
;;;
;;;
;;;
;;;
;;;
;;;
;;;
;;;
;;;
;;;
;;;
;;;
;;;
;;;
;;;
;;;
;;;
;;;
;;;
;;;
;;;
;;;
;;;
;;;
;;;
;;;
;;;
;;;
;;;
;;;
;;;
;;;
;;;
;;;
;;;
;;;
;;;
;;;
;;;
;;;
;;;
;;;
;;;
;;;
;;;
;;;
;;;
;;;
;;;
;;;
;;;
;;;
;;;
;;;
;;;
;;;
;;;
;;;
;;;
;;;
;;;
;;;
;;;
;;;
;;;
;;;
;;;
;;;
;;;
;;;
;;;
;;;
;;;
;;;
;;;
;;;
;;;
;;;
;;;
;;;
;;;
;;;
;;;
;;;
;;;
;;;
;;;
;;;
;;;
;;;
;;;
;;;
;;;
;;;
;;;
;;;
;;;
;;;
;;;
;;;
;;;
;;;
;;;
;;;
;;;
;;;
;;;
;;;
;;;
;;;
;;;
;;;
;;;
;;;
;;;
;;;
;;;
;;;
;;;
;;;
;;;
;;;
;;;
;;;
;;;
;;;
;;;
;;;
;;;
;;;
;;;
;;;
;;;
;;;
;;;
;;;
;;;
;;;
;;;
;;;
;;;
;;;
;;;
;;;
;;;
;;;
;;;
;;;
;;;
;;;
;;;
;;;
;;;
;;;
;;;
;;;
;;;
;;;
;;;
;;;
;;;
;;;
;;;
;;;
;;;
;;;
;;;
;;;
;;;
;;;
;;;
;;;
;;;
;;;
;;;
;;;
;;;
;;;
;;;
;;;
;;;
;;;
;;;
;;;
;;;
;;;
;;;
;;;
;;;
;;;
;;;
;;;
;;;
;;;
;;;
;;;
;;;
;;;
;;;
;;;
;;;
;;;
;;;
;;;
;;;
;;;
;;;
;;;
;;;
;;;
;;;
;;;
;;;
;;;
;;;
;;;
;;;
;;;
;;;
;;;
;;;
;;;
;;;
;;;
;;;
;;;
;;;
;;;
;;;
;;;
;;;
;;;
;;;
;;;
;;;
;;;
;;;
;;;
;;;
;;;
;;;
;;;
;;;
;;;
;;;
;;;
;;;
;;;
;;;
;;;
;;;
;;;
;;;
;;;
;;;
;;;
;;;
;;;
;;;
;;;
;;;
;;;
;;;
;;;
;;;
;;;
;;;
;;;
;;;
;;;
;;;
;;;
;;;
;;;
;;;
;;;
;;;
;;;
;;;
;;;
;;;
;;;
;;;
;;;
;;;
;;;
;;;
;;;
;;;
;;;
;;;
;;;
;;;
;;;
;;;
;;;
;;;
;;;
;;;
;;;
;;;
;;;
;;;
;;;
;;;
;;;
;;;
;;;
;;;
;;;
;;;
;;;
;;;
;;;
;;;
;;;
;;;
;;;
;;;
;;;
;;;
;;;
;;;
;;;
;;;
;;;
;;;
;;;
;;;
;;;
;;;
;;;
;;;
;;;
;;;
;;;
;;;
;;;
;;;
;;;
;;;
;;;
;;;
;;;
;;;
;;;
;;;
;;;
;;;
;;;
;;;
;;;
;;;
;;;
;;;
;;;
;;;
;;;
;;;
;;;
;;;
;;;
;;;
;;;
;;;
;;;
;;;
;;;
;;;
;;;
;;;
;;;
;;;
;;;
;;;
;;;
;;;
;;;
;;;
;;;
;;;
;;;
;;;
;;;
;;;
;;;
;;;
;;;
;;;
;;;
;;;
;;;
;;;
;;;
;;;
;;;
;;;
;;;
;;;
;;;
;;;
;;;
;;;
;;;
;;;
;;;
;;;
;;;
;;;
;;;
;;;
;;;
;;;
;;;
;;;
;;;
;;;
;;;
;;;
;;;
;;;
;;;
;;;
;;;
;;;
;;;
;;;
;;;
;;;
;;;
;;;
;;;
;;;
;;;
;;;
;;;
;;;
;;;
;;;
;;;
;;;
;;;
;;;
;;;
;;;
;;;
;;;
;;;
;;;
;;;
;;;
;;;
;;;
;;;
;;;
;;;
;;;
;;;
;;;
;;;
;;;
;;;
;;;
;;;
;;;
;;;
;;;
;;;
;;;
;;;
;;;
;;;
;;;
;;;
;;;
;;;
;;;
;;;
;;;
;;;
;;;
;;;
;;;
;;;
;;;
;;;
;;;
;;;
;;;
;;;
;;;
;;;
;;;
;;;
;;;
;;;
;;;
;;;
;;;
;;;
;;;
;;;
;;;
;;;
;;;
;;;
;;;
;;;
;;;
;;;
;;;
;;;
;;;
;;;
;;;
;;;
;;;
;;;
;;;
;;;
;;;
;;;
;;;
;;;
;;;
;;;
;;;
;;;
;;;
;;;
;;;
;;;
;;;
;;;
;;;
;;;
;;;
;;;
;;;
;;;
;;;
;;;
;;;
;;;
;;;
;;;
;;;
;;;
;;;
;;;
;;;
;;;
;;;
;;;
;;;
;;;
;;;
;;;
;;;
;;;
;;;
;;;
;;;
;;;
;;;
;;;
;;;
;;;
;;;
;;;
;;;
;;;
;;;
;;;
;;;
;;;
;;;
;;;
;;;
;;;
;;;
;;;
;;;
;;;
;;;
;;;
;;;
;;;
;;;
;;;
;;;
;;;
;;;
;;;
;;;
;;;
;;;
;;;
;;;
;;;
;;;
;;;
;;;
;;;
;;;
;;;
;;;
;;;
;;;
;;;
;;;
;;;
;;;
;;;
;;;
;;;
;;;
;;;
;;;
;;;
;;;
;;;
;;;
;;;
;;;
;;;
;;;
;;;
;;;
;;;
;;;
;;;
;;;
;;;
;;;
;;;
;;;
;;;
;;;
;;;
;;;
;;;
;;;
;;;
;;;
;;;
;;;
;;;
;;;
;;;
;;;
;;;
;;;
;;;
;;;
;;;
;;;
;;;
;;;
;;;
;;;
;;;
;;;
;;;
;;;
;;;
;;;
;;;
;;;
;;;
;;;
;;;
;;;
;;;
;;;
;;;
;;;
;;;
;;;
;;;
;;;
;;;
;;;
;;;
;;;
;;;
;;;
;;;
;;;
;;;
;;;
;;;
;;;
;;;
;;;
;;;
;;;
;;;
;;;
;;;
;;;
;;;
;;;
;;;
;;;
;;;
;;;
;;;
;;;
;;;
;;;
;;;
;;;
;;;
;;;
;;;
;;;
;;;
;;;
;;;
;;;
;;;
;;;
;;;
;;;
;;;
;;;
;;;
;;;
;;;
;;;
;;;
;;;
;;;
;;;
;;;
;;;
;;;
;;;
;;;
;;;
;;;
;;;
;;;
;;;
;;;
;;;
;;;
;;;
;;;
;;;
;;;
;;;
;;;
;;;
;;;
;;;
;;;
;;;
;;;
;;;
;;;
;;;
;;;
;;;
;;;
;;;
;;;
;;;
;;;
;;;
;;;
;;;
;;;
;;;
;;;
;;;
;;;
;;;
;;;
;;;
;;;
;;;
;;;
;;;
;;;
;;;
;;;
;;;
;;;
;;;
;;;
;;;
;;;
;;;
;;;
;;;
;;;
;;;
;;;
;;;
;;;
;;;
;;;
;;;
;;;
;;;
;;;
;;;
;;;
;;;
;;;
;;;
;;;
;;;
;;;
;;;
;;;
;;;
;;;
;;;
;;;
;;;
;;;
;;;
;;;
;;;
;;;
;;;
;;;
;;;
;;;
;;;
;;;
;;;
;;;
;;;
;;;
;;;
;;;
;;;
;;;
;;;
;;;
;;;
;;;
;;;
;;;
;;;
;;;
;;;
;;;
;;;
;;;
;;;
;;;
;;;
;;;
;;;
;;;
;;;
;;;
;;;
;;;
;;;
;;;
;;;
;;;
;;;
;;;
;;;
;;;
;;;
;;;
;;;
;;;
;;;
;;;
;;;
;;;
;;;
;;;
;;;
;;;
;;;
;;;
;;;
;;;
;;;
;;;
;;;
;;;
;;;
;;;
;;;
;;;
;;;
;;;
;;;
;;;
;;;
;;;
;;;
;;;
;;;
;;;
;;;
;;;
;;;
;;;
;;;
;;;
;;;
;;;
;;;
;;;
;;;
;;;
;;;
;;;
;;;
;;;
;;;
;;;
;;;
;;;
;;;
;;;
;;;
;;;
;;;
;;;
;;;
;;;
;;;
;;;
;;;
;;;
;;;
;;;
;;;
;;;
;;;
;;;
;;;
;;;
;;;
;;;
;;;
;;;
;;;
;;;
;;;
;;;
;;;
;;;
;;;
;;;
;;;
;;;
;;;
;;;
;;;
;;;
;;;
;;;
;;;
;;;
;;;
;;;
;;;
;;;
;;;
;;;
;;;
;;;
;;;
;;;
;;;
;;;
;;;
;;;
;;;
;;;
;;;
;;;
;;;
;;;
;;;
;;;
;;;
;;;
;;;
;;;
;;;
;;;
;;;
;;;
;;;
;;;
;;;
;;;
;;;
;;;
;;;
;;;
;;;
;;;
;;;
;;;
;;;
;;;
;;;
;;;
;;;
;;;
;;;
;;;
;;;
;;;
;;;
;;;
;;;
;;;
;;;
;;;
;;;
;;;
;;;
;;;
;;;
;;;
;;;
;;;
;;;
;;;
;;;
;;;
;;;
;;;
;;;
;;;
;;;
;;;
;;;
;;;
;;;
;;;
;;;
;;;
;;;
;;;
;;;
;;;
;;;
;;;
;;;
;;;
;;;
;;;
;;;
;;;
;;;
;;;
;;;
;;;
;;;
;;;
;;;
;;;
;;;
;;;
;;;
;;;
;;;
;;;
;;;
;;;
;;;
;;;
;;;
;;;
;;;
;;;
;;;
;;;
;;;
;;;
;;;
;;;
;;;
;;;
;;;
;;;
;;;
;;;
;;;
;;;
;;;
;;;
;;;
;;;
;;;
;;;
;;;
;;;
;;;
;;;
;;;
;;;
;;;
;;;
;;;
;;;
;;;
;;;
;;;
;;;
;;;
;;;
;;;
;;;
;;;
;;;
;;;
;;;
;;;
;;;
;;;
;;;
;;;
;;;
;;;
;;;
;;;
;;;
;;;
;;;
;;;
;;;
;;;
;;;
;;;
;;;
;;;
;;;
;;;
;;;
;;;
;;;
;;;
;;;
;;;
;;;
;;;
;;;
;;;
;;;
;;;
;;;
;;;
;;;
;;;
;;;
;;;
;;;
;;;
;;;
;;;
;;;
;;;
;;;
;;;
;;;
;;;
;;;
;;;
;;;
;;;
;;;
;;;
;;;
;;;
;;;
;;;
;;;
;;;
;;;
;;;
;;;
;;;
;;;
;;;
;;;
;;;
;;;
;;;
;;;
;;;
;;;
;;;
;;;
;;;
;;;
;;;
;;;
;;;
;;;
;;;
;;;
;;;
;;;
;;;
;;;
;;;
;;;
;;;
;;;
;;;
;;;
;;;
;;;
;;;
;;;
;;;
;;;
;;;
;;;
;;;
;;;
;;;
;;;
;;;
;;;
;;;
;;;
;;;
;;;
;;;
;;;
;;;
;;;
;;;
;;;
;;;
;;;
;;;
;;;
;;;
;;;
;;;
;;;
;;;
;;;
;;;
;;;
;;;
;;;
;;;
;;;
;;;
;;;
;;;
;;;
;;;
;;;
;;;
;;;
;;;
;;;
;;;
;;;
;;;
;;;
;;;
;;;
;;;
;;;
;;;
;;;
;;;
;;;
;;;
;;;
;;;
;;;
;;;
;;;
;;;
;;;
;;;
;;;
;;;
;;;
;;;
;;;
;;;
;;;
;;;
;;;
;;;
;;;
;;;
;;;
;;;
;;;
;;;
;;;
;;;
;;;
;;;
;;;
;;;
;;;
;;;
;;;
;;;
;;;
;;;
;;;
;;;
;;;
;;;
;;;
;;;
;;;
;;;
;;;
;;;
;;;
;;;
;;;
;;;
;;;
;;;
;;;
;;;
;;;
;;;
;;;
;;;
;;;
;;;
;;;
;;;
;;;
;;;
;;;
;;;
;;;
;;;
;;;
;;;
;;;
;;;
;;;
;;;
;;;
;;;
;;;
;;;
;;;
;;;
;;;
;;;
;;;
;;;
;;;
;;;
;;;
;;;
;;;
;;;
;;;
;;;
;;;
;;;
;;;
;;;
;;;
;;;
;;;
;;;
;;;
;;;
;;;
;;;
;;;
;;;
;;;
;;;
;;;
;;;
;;;
;;;
;;;
;;;
;;;
;;;
;;;
;;;
;;;
;;;
;;;
;;;
;;;
;;;
;;;
;;;
;;;
;;;
;;;
;;;
;;;
;;;
;;;
;;;
;;;
;;;
;;;
;;;
;;;
;;;
;;;
;;;
;;;
;;;
;;;
;;;
;;;
;;;
;;;
;;;
;;;
;;;
;;;
;;;
;;;
;;;
;;;
;;;
;;;
;;;
;;;
;;;
;;;
;;;
;;;
;;;
;;;
;;;
;;;
;;;
;;;
;;;
;;;
;;;
;;;
;;;
;;;
;;;
;;;
;;;
;;;
;;;
;;;
;;;
;;;
;;;
;;;
;;;
;;;
;;;
;;;
;;;
;;;
;;;
;;;
;;;
;;;
;;;
;;;
;;;
;;;
;;;
;;;
;;;
;;;
;;;
;;;
;;;
;;;
;;;
;;;
;;;
;;;
;;;
;;;
;;;
;;;
;;;
;;;
;;;
;;;
;;;
;;;
;;;
;;;
;;;
;;;
;;;
;;;
;;;
;;;
;;;
;;;
;;;
;;;
;;;
;;;
;;;
;;;
;;;
;;;
;;;
;;;
;;;
;;;
;;;
;;;
;;;
;;;
;;;
;;;
;;;
;;;
;;;
;;;
;;;
;;;
;;;
;;;
;;;
;;;
;;;
;;;
;;;
;;;
;;;
;;;
;;;
;;;
;;;
;;;
;;;
;;;
;;;
;;;
;;;
;;;
;;;
;;;
;;;
;;;
;;;
;;;
;;;
;;;
;;;
;;;
;;;
;;;
;;;
;;;
;;;
;;;
;;;
;;;
;;;
;;;
;;;
;;;
;;;
;;;
;;;
;;;
;;;
;;;
;;;
;;;
;;;
;;;
;;;
;;;
;;;
;;;
;;;
;;;
;;;
;;;
;;;
;;;
;;;
;;;
;;;
;;;
;;;
;;;
;;;
;;;
;;;
;;;
;;;
;;;
;;;
;;;
;;;
;;;
;;;
;;;
;;;
;;;
;;;
;;;
;;;
;;;
;;;
;;;
;;;
;;;
;;;
;;;
;;;
;;;
;;;
;;;
;;;
;;;
;;;
;;;
;;;
;;;
;;;
;;;
;;;
;;;
;;;
;;;
;;;
;;;
;;;
;;;
;;;
;;;
;;;
;;;
;;;
;;;
;;;
;;;
;;;
;;;
;;;
;;;
;;;
;;;
;;;
;;;
;;;
;;;
;;;
;;;
;;;
;;;
;;;
;;;
;;;
;;;
;;;
;;;
;;;
;;;
;;;
;;;
;;;
;;;
;;;
;;;
;;;
;;;
;;;
;;;
;;;
;;;
;;;
;;;
;;;
;;;
;;;
;;;
;;;
;;;
;;;
;;;
;;;
;;;
;;;
;;;
;;;
;;;
;;;
;;;
;;;
;;;
;;;
;;;
;;;
;;;
;;;
;;;
;;;
;;;
;;;
;;;
;;;
;;;
;;;
;;;
;;;
;;;
;;;
;;;
;;;
;;;
;;;
;;;
;;;
;;;
;;;
;;;
;;;
;;;
;;;
;;;
;;;
;;;
;;;
;;;
;;;
;;;
;;;
;;;
;;;
;;;
;;;
;;;
;;;
;;;
;;;
;;;
;;;
;;;
;;;
;;;
;;;
;;;
;;;
;;;
;;;
;;;
;;;
;;;
;;;
;;;
;;;
;;;
;;;
;;;
;;;
;;;
;;;
;;;
;;;
;;;
;;;
;;;
;;;
;;;
;;;
;;;
;;;
;;;
;;;
;;;
;;;
;;;
;;;
;;;
;;;
;;;
;;;
;;;
;;;
;;;
;;;
;;;
;;;
;;;
;;;
;;;
;;;
;;;
;;;
;;;
;;;
;;;
;;;
;;;
;;;
;;;
;;;
;;;
;;;
;;;
;;;
;;;
;;;
;;;
;;;
;;;
;;;
;;;
;;;
;;;
;;;
;;;
;;;
;;;
;;;
;;;
;;;
;;;
;;;
;;;
;;;
;;;
;;;
;;;
;;;
;;;
;;;
;;;
;;;
;;;
;;;
;;;
;;;
;;;
;;;
;;;
;;;
;;;
;;;
;;;
;;;
;;;
;;;
;;;
;;;
;;;
;;;
;;;
;;;
;;;
;;;
;;;
;;;
;;;
;;;
;;;
;;;
;;;
;;;
;;;
;;;
;;;
;;;
;;;
;;;
;;;
;;;
;;;
;;;
;;;
;;;
;;;
;;;
;;;
;;;
;;;
;;;
;;;
;;;
;;;
;;;
;;;
;;;
;;;
;;;
;;;
;;;
;;;
;;;
;;;
;;;
;;;
;;;
;;;
;;;
;;;
;;;
;;;
;;;
;;;
;;;
;;;
;;;
;;;
;;;
;;;
;;;
;;;
;;;
;;;
;;;
;;;
;;;
;;;
;;;
;;;
;;;
;;;
;;;
;;;
;;;
;;;
;;;
;;;
;;;
;;;
;;;
;;;
;;;
;;;
;;;
;;;
;;;
;;;
;;;
;;;
;;;
;;;
;;;
;;;
;;;
;;;
;;;
;;;
;;;
;;;
;;;
;;;
;;;
;;;
;;;
;;;
;;;
;;;
;;;
;;;
;;;
;;;
;;;
;;;
;;;
;;;
;;;
;;;
;;;
;;;
;;;
;;;
;;;
;;;
;;;
;;;
;;;
;;;
;;;
;;;
;;;
;;;
;;;
;;;
;;;
;;;
;;;
;;;
;;;
;;;
;;;
;;;
;;;
;;;
;;;
;;;
;;;
;;;
;;;
;;;
;;;
;;;
;;;
;;;
;;;
;;;
;;;
;;;
;;;
;;;
;;;
;;;
;;;
;;;
;;;
;;;
;;;
;;;
;;;
;;;
;;;
;;;
;;;
;;;
;;;
;;;
;;;
;;;
;;;
;;;
;;;
;;;
;;;
;;;
;;;
;;;
;;;
;;;
;;;
;;;
;;;
;;;
;;;
;;;
;;;
;;;
;;;
;;;
;;;
;;;
;;;
;;;
;;;
;;;
;;;
;;;
;;;
;;;
;;;
;;;
;;;
;;;
;;;
;;;
;;;
;;;
;;;
;;;
;;;
;;;
;;;
;;;
;;;
;;;
;;;
;;;
;;;
;;;
;;;
;;;
;;;
;;;
;;;
;;;
;;;
;;;
;;;
;;;
;;;
;;;
;;;
;;;
;;;
;;;
;;;
;;;
;;;
;;;
;;;
;;;
;;;
;;;
;;;
;;;
;;;
;;;
;;;
;;;
;;;
;;;
;;;
;;;
;;;
;;;
;;;
;;;
;;;
;;;
;;;
;;;
;;;
;;;
;;;
;;;
;;;
;;;
;;;
;;;
;;;
;;;
;;;
;;;
;;;
;;;
;;;
;;;
;;;
;;;
;;;
;;;
;;;
;;;
;;;
;;;
;;;
;;;
;;;
;;;
;;;
;;;
;;;
;;;
;;;
;;;
;;;
;;;
;;;
;;;
;;;
;;;
;;;
;;;
;;;
;;;
;;;
;;;
;;;
;;;
;;;
;;;
;;;
;;;
;;;
;;;
;;;
;;;
;;;
;;;
;;;
;;;
;;;
;;;
;;;
;;;
;;;
;;;
;;;
;;;
;;;
;;;
;;;
;;;
;;;
;;;
;;;
;;;
;;;
;;;
;;;
;;;
;;;
;;;
;;;
;;;
;;;
;;;
;;;
;;;
;;;
;;;
;;;
;;;
;;;
;;;
;;;
;;;
;;;
;;;
;;;
;;;
;;;
;;;
;;;
;;;
;;;
;;;
;;;
;;;
;;;
;;;
;;;
;;;
;;;
;;;
;;;
;;;
;;;
;;;
;;;
;;;
;;;
;;;
;;;
;;;
;;;
;;;
;;;
;;;
;;;
;;;
;;;
;;;
;;;
;;;
;;;
;;;
;;;
;;;
;;;
;;;
;;;
;;;
;;;
;;;
;;;
;;;
;;;
;;;
;;;
;;;
;;;
;;;
;;;
;;;
;;;
;;;
;;;
;;;
;;;
;;;
;;;
;;;
;;;
;;;
;;;
;;;
;;;
;;;
;;;
;;;
;;;
;;;
;;;
;;;
;;;
;;;
;;;
;;;
;;;
;;;
;;;
;;;
;;;
;;;
;;;
;;;
;;;
;;;
;;;
;;;
;;;
;;;
;;;
;;;
;;;
;;;
;;;
;;;
;;;
;;;
;;;
;;;
;;;
;;;
;;;
;;;
;;;
;;;
;;;
;;;
;;;
;;;
;;;
;;;
;;;
;;;
;;;
;;;
;;;
;;;
;;;
;;;
;;;
;;;
;;;
;;;
;;;
;;;
;;;
;;;
;;;
;;;
;;;
;;;
;;;
;;;
;;;
;;;
;;;
;;;
;;;
;;;
;;;
;;;
;;;
;;;
;;;
;;;
;;;
;;;
;;;
;;;
;;;
;;;
;;;
;;;
;;;
;;;
;;;
;;;
;;;
;;;
;;;
;;;
;;;
;;;
;;;
;;;
;;;
;;;
;;;
;;;
;;;
;;;
;;;
;;;
;;;
;;;
;;;
;;;
;;;
;;;
;;;
;;;
;;;
;;;
;;;
;;;
;;;
;;;
;;;
;;;
;;;
;;;
;;;
;;;
;;;
;;;
;;;
;;;
;;;
;;;
;;;
;;;
;;;
;;;
;;;
;;;
;;;
;;;
;;;
;;;
;;;
;;;
;;;
;;;
;;;
;;;
;;;
;;;
;;;
;;;
;;;
;;;
;;;
;;;
;;;
;;;
;;;
;;;
;;;
;;;
;;;
;;;
;;;
;;;
;;;
;;;
;;;
;;;
;;;
;;;
;;;
;;;
;;;
;;;
;;;
;;;
;;;
;;;
;;;
;;;
;;;
;;;
;;;
;;;
;;;
;;;
;;;
;;;
;;;
;;;
;;;
;;;
;;;
;;;
;;;
;;;
;;;
;;;
;;;
;;;
;;;
;;;
;;;
;;;
;;;
;;;
;;;
;;;
;;;
;;;
;;;
;;;
;;;
;;;
;;;
;;;
;;;
;;;
;;;
;;;
;;;
;;;
;;;
;;;
;;;
;;;
;;;
;;;
;;;
;;;
;;;
;;;
;;;
;;;
;;;
;;;
;;;
;;;
;;;
;;;
;;;
;;;
;;;
;;;
;;;
;;;
;;;
;;;
;;;
;;;
;;;
;;;
;;;
;;;
;;;
;;;
;;;
;;;
;;;
;;;
;;;
;;;
;;;
;;;
;;;
;;;
;;;
;;;
;;;
;;;
;;;
;;;
;;;
;;;
;;;
;;;
;;;
;;;
;;;
;;;
;;;
;;;
;;;
;;;
;;;
;;;
;;;
;;;
;;;
;;;
;;;
;;;
;;;
;;;
;;;
;;;
;;;
;;;
;;;
;;;
;;;
;;;
;;;
;;;
;;;
;;;
;;;
;;;
;;;
;;;
;;;
;;;
;;;
;;;
;;;
;;;
;;;
;;;
;;;
;;;
;;;
;;;
;;;
;;;
;;;
;;;
;;;
;;;
;;;
;;;
;;;
;;;
;;;
;;;
;;;
;;;
;;;
;;;
;;;
;;;
;;;
;;;
;;;
;;;
;;;
;;;
;;;
;;;
;;;
;;;
;;;
;;;
;;;
;;;
;;;
;;;
;;;
;;;
;;;
;;;
;;;
;;;
;;;
;;;
;;;
;;;
;;;
;;;
;;;
;;;
;;;
;;;
;;;
;;;
;;;
;;;
;;;
;;;
;;;
;;;
;;;
;;;
;;;
;;;
;;;
;;;
;;;
;;;
;;;
;;;
;;;
;;;
;;;
;;;
;;;
;;;
;;;
;;;
;;;
;;;
;;;
;;;
;;;
;;;
;;;
;;;
;;;
;;;
;;;
;;;
;;;
;;;
;;;
;;;
;;;
;;;
;;;
;;;
;;;
;;;
;;;
;;;
;;;
;;;
;;;
;;;
;;;
;;;
;;;
;;;
;;;
;;;
;;;
;;;
;;;
;;;
;;;
;;;
;;;
;;;
;;;
;;;
;;;
;;;
;;;
;;;
;;;
;;;
;;;
;;;
;;;
;;;
;;;
;;;
;;;
;;;
;;;
;;;
;;;
;;;
;;;
;;;
;;;
;;;
;;;
;;;
;;;
;;;
;;;
;;;
;;;
;;;
;;;
;;;
;;;
;;;
;;;
;;;
;;;
;;;
;;;
;;;
;;;
;;;
;;;
;;;
;;;
;;;
;;;
;;;
;;;
;;;
;;;
;;;
;;;
;;;
;;;
;;;
;;;
;;;
;;;
;;;
;;;
;;;
;;;
;;;
;;;
;;;
;;;
;;;
;;;
;;;
;;;
;;;
;;;
;;;
;;;
;;;
;;;
;;;
;;;
;;;
;;;
;;;
;;;
;;;
;;;
;;;
;;;
;;;
;;;
;;;
;;;
;;;
;;;
;;;
;;;
;;;
;;;
;;;
;;;
;;;
;;;
;;;
;;;
;;;
;;;
;;;
;;;
;;;
;;;
;;;
;;;
;;;
;;;
;;;
;;;
;;;
;;;
;;;
;;;
;;;
;;;
;;;
;;;
;;;
;;;
;;;
;;;
;;;
;;;
;;;
;;;
;;;
;;;
;;;
;;;
;;;
;;;
;;;
;;;
;;;
;;;
;;;
;;;
;;;
;;;
;;;
;;;
;;;
;;;
;;;
;;;
;;;
;;;
;;;
;;;
;;;
;;;
;;;
;;;
;;;
;;;
;;;
;;;
;;;
;;;
;;;
;;;
;;;
;;;
;;;
;;;
;;;
;;;
;;;
;;;
;;;
;;;
;;;
;;;
;;;
;;;
;;;
;;;
;;;
;;;
;;;
;;;
;;;
;;;
;;;
;;;
;;;
;;;
;;;
;;;
;;;
;;;
;;;
;;;
;;;
;;;
;;;
;;;
;;;
;;;
;;;
;;;
;;;
;;;
;;;
;;;
;;;
;;;
;;;
;;;
;;;
;;;
;;;
;;;
;;;
;;;
;;;
;;;
;;;
;;;
;;;
;;;
;;;
;;;
;;;
;;;
;;;
;;;
;;;
;;;
;;;
;;;
;;;
;;;
;;;
;;;
;;;
;;;
;;;
;;;
;;;
;;;
;;;
;;;
;;;
;;;
;;;
;;;
;;;
;;;
;;;
;;;
;;;
;;;
;;;
;;;
;;;
;;;
;;;
;;;
;;;
;;;
;;;
;;;
;;;
;;;
;;;
;;;
;;;
;;;
;;;
;;;
;;;
;;;
;;;
;;;
;;;
;;;
;;;
;;;
;;;
;;;
;;;
;;;
;;;
;;;
;;;
;;;
;;;
;;;
;;;
;;;
;;;
;;;
;;;
;;;
;;;
;;;
;;;
;;;
;;;
;;;
;;;
;;;
;;;
;;;
;;;
;;;
;;;
;;;
;;;
;;;
;;;
;;;
;;;
;;;
;;;
;;;
;;;
;;;
;;;
;;;
;;;
;;;
;;;
;;;
;;;
;;;
;;;
;;;
;;;
;;;
;;;
;;;
;;;
;;;
;;;
;;;
;;;
;;;
;;;
;;;
;;;
;;;
;;;
;;;
;;;
;;;
;;;
;;;
;;;
;;;
;;;
;;;
;;;
;;;
;;;
;;;
;;;
;;;
;;;
;;;
;;;
;;;
;;;
;;;
;;;
;;;
;;;
;;;
;;;
;;;
;;;
;;;
;;;
;;;
;;;
;;;
;;;
;;;
;;;
;;;
;;;
;;;
;;;
;;;
;;;
;;;
;;;
;;;
;;;
;;;
;;;
;;;
;;;
;;;
;;;
;;;
;;;
;;;
;;;
;;;
;;;
;;;
;;;
;;;
;;;
;;;
;;;
;;;
;;;
;;;
;;;
;;;
;;;
;;;
;;;
;;;
;;;
;;;
;;;
;;;
;;;
;;;
;;;
;;;
;;;
;;;
;;;
;;;
;;;
;;;
;;;
;;;
;;;
;;;
;;;
;;;
;;;
;;;
;;;
;;;
;;;
;;;
;;;
;;;
;;;
;;;
;;;
;;;
;;;
;;;
;;;
;;;
;;;
;;;
;;;
;;;
;;;
;;;
;;;
;;;
;;;
;;;
;;;
;;;
;;;
;;;
;;;
;;;
;;;
;;;
;;;
;;;
;;;
;;;
;;;
;;;
;;;
;;;
;;;
;;;
;;;
;;;
;;;
;;;
;;;
;;;
;;;
;;;
;;;
;;;
;;;
;;;
;;;
;;;
;;;
;;;
;;;
;;;
;;;
;;;
;;;
;;;
;;;
;;;
;;;
;;;
;;;
;;;
;;;
;;;
;;;
;;;
;;;
;;;
;;;
;;;
;;;
;;;
;;;
;;;
;;;
;;;
;;;
;;;
;;;
;;;
;;;
;;;
;;;
;;;
;;;
;;;
;;;
;;;
;;;
;;;
;;;
;;;
;;;
;;;
;;;
;;;
;;;
;;;
;;;
;;;
;;;
;;;
;;;
;;;
;;;
;;;
;;;
;;;
;;;
;;;
;;;
;;;
;;;
;;;
;;;
;;;
;;;
;;;
;;;
;;;
;;;
;;;
;;;
;;;
;;;
;;;
;;;
;;;
;;;
;;;
;;;
;;;
;;;
;;;
;;;
;;;
;;;
;;;
;;;
;;;
;;;
;;;
;;;
;;;
;;;
;;;
;;;
;;;
;;;
;;;
;;;
;;;
;;;
;;;
;;;
;;;
;;;
;;;
;;;
;;;
;;;
;;;
;;;
;;;
;;;
;;;
;;;
;;;
;;;
;;;
;;;
;;;
;;;
;;;
;;;
;;;
;;;
;;;
;;;
;;;
;;;
;;;
;;;
;;;
;;;
;;;
;;;
;;;
;;;
;;;
;;;
;;;
;;;
;;;
;;;
;;;
;;;
;;;
;;;
;;;
;;;
;;;
;;;
;;;
;;;
;;;
;;;
;;;
;;;
;;;
;;;
;;;
;;;
;;;
;;;
;;;
;;;
;;;
;;;
;;;
;;;
;;;
;;;
;;;
;;;
;;;
;;;
;;;
;;;
;;;
;;;
;;;
;;;
;;;
;;;
;;;
;;;
;;;
;;;
;;;
;;;
;;;
;;;
;;;
;;;
;;;
;;;
;;;
;;;
;;;
;;;
;;;
;;;
;;;
;;;
;;;
;;;
;;;
;;;
;;;
;;;
;;;
;;;
;;;
;;;
;;;
;;;
;;;
;;;
;;;
;;;
;;;
;;;
;;;
;;;
;;;
;;;
;;;
;;;
;;;
;;;
;;;
;;;
;;;
;;;
;;;
;;;
;;;
;;;
;;;
;;;
;;;
;;;
;;;
;;;
;;;
;;;
;;;
;;;
;;;
;;;
;;;
;;;
;;;
;;;
;;;
;;;
;;;
;;;
;;;
;;;
;;;
;;;
;;;
;;;
;;;
;;;
;;;
;;;
;;;
;;;
;;;
;;;
;;;
;;;
;;;
;;;
;;;
;;;
;;;
;;;
;;;
;;;
;;;
;;;
;;;
;;;
;;;
;;;
;;;
;;;
;;;
;;;
;;;
;;;
;;;
;;;
;;;
;;;
;;;
;;;
;;;
;;;
;;;
;;;
;;;
;;;
;;;
;;;
;;;
;;;
;;;
;;;
;;;
;;;
;;;
;;;
;;;
;;;
;;;
;;;
;;;
;;;
;;;
;;;
;;;
;;;
;;;
;;;
;;;
;;;
;;;
;;;
;;;
;;;
;;;
;;;
;;;
;;;
;;;
;;;
;;;
;;;
;;;
;;;
;;;
;;;
;;;
;;;
;;;
;;;
;;;
;;;
;;;
;;;
;;;
;;;
;;;
;;;
;;;
;;;
;;;
;;;
;;;
;;;
;;;
;;;
;;;
;;;
;;;
;;;
;;;
;;;
;;;
;;;
;;;
;;;
;;;
;;;
;;;
;;;
;;;
;;;
;;;
;;;
;;;
;;;
;;;
;;;
;;;
;;;
;;;
;;;
;;;
;;;
;;;
;;;
;;;
;;;
;;;
;;;
;;;
;;;
;;;
;;;
;;;
;;;
;;;
;;;
;;;
;;;
;;;
;;;
;;;
;;;
;;;
;;;
;;;
;;;
;;;
;;;
;;;
;;;
;;;
;;;
;;;
;;;
;;;
;;;
;;;
;;;
;;;
;;;
;;;
;;;
;;;
;;;
;;;
;;;
;;;
;;;
;;;
;;;
;;;
;;;
;;;
;;;
;;;
;;;
;;;
;;;
;;;
;;;
;;;
;;;
;;;
;;;
;;;
;;;
;;;
;;;
;;;
;;;
;;;
;;;
;;;
;;;
;;;
;;;
;;;
;;;
;;;
;;;
;;;
;;;
;;;
;;;
;;;
;;;
;;;
;;;
;;;
;;;
;;;
;;;
;;;
;;;
;;;
;;;
;;;
;;;
;;;
;;;
;;;
;;;
;;;
;;;
;;;
;;;
;;;
;;;
;;;
;;;
;;;
;;;
;;;
;;;
;;;
;;;
;;;
;;;
;;;
;;;
;;;
;;;
;;;
;;;
;;;
;;;
;;;
;;;
;;;
;;;
;;;
;;;
;;;
;;;
;;;
;;;
;;;
;;;
;;;
;;;
;;;
;;;
;;;
;;;
;;;
;;;
;;;
;;;
;;;
;;;
;;;
;;;
;;;
;;;
;;;
;;;
;;;
;;;
;;;
;;;
;;;
;;;
;;;
;;;
;;;
;;;
;;;
;;;
;;;
;;;
;;;
;;;
;;;
;;;
;;;
;;;
;;;
;;;
;;;
;;;
;;;
;;;
;;;
;;;
;;;
;;;
;;;
;;;
;;;
;;;
;;;
;;;
;;;
;;;
;;;
;;;
;;;
;;;
;;;
;;;
;;;
;;;
;;;
;;;
;;;
;;;
;;;
;;;
;;;
;;;
;;;
;;;
;;;
;;;
;;;
;;;
;;;
;;;
;;;
;;;
;;;
;;;
;;;
;;;
;;;
;;;
;;;
;;;
;;;
;;;
;;;
;;;
;;;
;;;
;;;
;;;
;;;
;;;
;;;
;;;
;;;
;;;
;;;
;;;
;;;
;;;
;;;
;;;
;;;
;;;
;;;
;;;
;;;
;;;
;;;
;;;
;;;
;;;
;;;
;;;
;;;
;;;
;;;
;;;
;;;
;;;
;;;
;;;
;;;
;;;
;;;
;;;
;;;
;;;
;;;
;;;
;;;
;;;
;;;
;;;
;;;
;;;
;;;
;;;
;;;
;;;
;;;
;;;
;;;
;;;
;;;
;;;
;;;
;;;
;;;
;;;
;;;
;;;
;;;
;;;
;;;
;;;
;;;
;;;
;;;
;;;
;;;
;;;
;;;
;;;
;;;
;;;
;;;
;;;
;;;
;;;
;;;
;;;
;;;
;;;
;;;
;;;
;;;
;;;
;;;
;;;
;;;
;;;
;;;
;;;
;;;
;;;
;;;
;;;
;;;
;;;
;;;
;;;
;;;
;;;
;;;
;;;
;;;
;;;
;;;
;;;
;;;
;;;
;;;
;;;
;;;
;;;
;;;
;;;
;;;
;;;
;;;
;;;
;;;
;;;
;;;
;;;
;;;
;;;
;;;
;;;
;;;
;;;
;;;
;;;
;;;
;;;
;;;
;;;
;;;
;;;
;;;
;;;
;;;
;;;
;;;
;;;
;;;
;;;
;;;
;;;
;;;
;;;
;;;
;;;
;;;
;;;
;;;
;;;
;;;
;;;
;;;
;;;
;;;
;;;
;;;
;;;
;;;
;;;
;;;
;;;
;;;
;;;
;;;
;;;
;;;
;;;
;;;
;;;
;;;
;;;
;;;
;;;
;;;
;;;
;;;
;;;
;;;
;;;
;;;
;;;
;;;
;;;
;;;
;;;
;;;
;;;
;;;
;;;
;;;
;;;
;;;
;;;
;;;
;;;
;;;
;;;
;;;
;;;
;;;
;;;
;;;
;;;
;;;
;;;
;;;
;;;
;;;
;;;
;;;
;;;
;;;
;;;
;;;
;;;
;;;
;;;
;;;
;;;
;;;
;;;
;;;
;;;
;;;
;;;
;;;
;;;
;;;
;;;
;;;
;;;
;;;
;;;
;;;
;;;
;;;
;;;
;;;
;;;
;;;
;;;
;;;
;;;
;;;
;;;
;;;
;;;
;;;
;;;
;;;
;;;
;;;
;;;
;;;
;;;
;;;
;;;
;;;
;;;
;;;
;;;
;;;
;;;
;;;
;;;
;;;
;;;
;;;
;;;
;;;
;;;
;;;
;;;
;;;
;;;
;;;
;;;
;;;
;;;
;;;
;;;
;;;
;;;
;;;
;;;
;;;
;;;
;;;
;;;
;;;
;;;
;;;
;;;
;;;
;;;
;;;
;;;
;;;
;;;
;;;
;;;
;;;
;;;
;;;
;;;
;;;
;;;
;;;
;;;
;;;
;;;
;;;
;;;
;;;
;;;
;;;
;;;
;;;
;;;
;;;
;;;
;;;
;;;
;;;
;;;
;;;
;;;
;;;
;;;
;;;
;;;
;;;
;;;
;;;
;;;
;;;
;;;
;;;
;;;
;;;
;;;
;;;
;;;
;;;
;;;
;;;
;;;
;;;
;;;
;;;
;;;
;;;
;;;
;;;
;;;
;;;
;;;
;;;
;;;
;;;
;;;
;;;
;;;
;;;
;;;
;;;
;;;
;;;
;;;
;;;
;;;
;;;
;;;
;;;
;;;
;;;
;;;
;;;
;;;
;;;
;;;
;;;
;;;
;;;
;;;
;;;
;;;
;;;
;;;
;;;
;;;
;;;
;;;
;;;
;;;
;;;
;;;
;;;
;;;
;;;
;;;
;;;
;;;
;;;
;;;
;;;
;;;
;;;
;;;
;;;
;;;
;;;
;;;
;;;
;;;
;;;
;;;
;;;
;;;
;;;
;;;
;;;
;;;
;;;
;;;
;;;
;;;
;;;
;;;
;;;
;;;
;;;
;;;
;;;
;;;
;;;
;;;
;;;
;;;
;;;
;;;
;;;
;;;
;;;
;;;
;;;
;;;
;;;
;;;
;;;
;;;
;;;
;;;
;;;
;;;
;;;
;;;
;;;
;;;
;;;
;;;
;;;
;;;
;;;
;;;
;;;
;;;
;;;
;;;
;;;
;;;
;;;
;;;
;;;
;;;
;;;
;;;
;;;
;;;
;;;
;;;
;;;
;;;
;;;
;;;
;;;
;;;
;;;
;;;
;;;
;;;
;;;
;;;
;;;
;;;
;;;
;;;
;;;
;;;
;;;
;;;
;;;
;;;
;;;
;;;
;;;
;;;
;;;
;;;
;;;
;;;
;;;
;;;
;;;
;;;
;;;
;;;
;;;
;;;
;;;
;;;
;;;
;;;
;;;
;;;
;;;
;;;
;;;
;;;
;;;
;;;
;;;
;;;
;;;
;;;
;;;
;;;
;;;
;;;
;;;
;;;
;;;
;;;
;;;
;;;
;;;
;;;
;;;
;;;
;;;
;;;
;;;
;;;
;;;
;;;
;;;
;;;
;;;
;;;
;;;
;;;
;;;
;;;
;;;
;;;
;;;
;;;
;;;
;;;
;;;
;;;
;;;
;;;
;;;
;;;
;;;
;;;
;;;
;;;
;;;
;;;
;;;
;;;
;;;
;;;
;;;
;;;
;;;
;;;
;;;
;;;
;;;
;;;
;;;
;;;
;;;
;;;
;;;
;;;
;;;
;;;
;;;
;;;
;;;
;;;
;;;
;;;
;;;
;;;
;;;
;;;
;;;
;;;
;;;
;;;
;;;
;;;
;;;
;;;
;;;
;;;
;;;
;;;
;;;
;;;
;;;
;;;
;;;
;;;
;;;
;;;
;;;
;;;
;;;
;;;
;;;
;;;
;;;
;;;
;;;
;;;
;;;
;;;
;;;
;;;
;;;
;;;
;;;
;;;
;;;
;;;
;;;
;;;
;;;
;;;
;;;
;;;
;;;
;;;
;;;
;;;
;;;
;;;
;;;
;;;
;;;
;;;
;;;
;;;
;;;
;;;
;;;
;;;
;;;
;;;
;;;
;;;
;;;
;;;
;;;
;;;
;;;
;;;
;;;
;;;
;;;
;;;
;;;
;;;
;;;
;;;
;;;
;;;
;;;
;;;
;;;
;;;
;;;
;;;
;;;
;;;
;;;
;;;
;;;
;;;
;;;
;;;
;;;
;;;
;;;
;;;
;;;
;;;
;;;
;;;
;;;
;;;
;;;
;;;
;;;
;;;
;;;
;;;
;;;
;;;
;;;
;;;
;;;
;;;
;;;
;;;
;;;
;;;
;;;
;;;
;;;
;;;
;;;
;;;
;;;
;;;
;;;
;;;
;;;
;;;
;;;
;;;
;;;
;;;
;;;
;;;
;;;
;;;
;;;
;;;
;;;
;;;
;;;
;;;
;;;
;;;
;;;
;;;
;;;
;;;
;;;
;;;
;;;
;;;
;;;
;;;
;;;
;;;
;;;
;;;
;;;
;;;
;;;
;;;
;;;
;;;
;;;
;;;
;;;
;;;
;;;
;;;
;;;
;;;
;;;
;;;
;;;
;;;
;;;
;;;
;;;
;;;
;;;
;;;
;;;
;;;
;;;
;;;
;;;
;;;
;;;
;;;
;;;
;;;
;;;
;;;
;;;
;;;
;;;
;;;
;;;
;;;
;;;
;;;
;;;
;;;
;;;
;;;
;;;
;;;
;;;
;;;
;;;
;;;
;;;
;;;
;;;
;;;
;;;
;;;
;;;
;;;
;;;
;;;
;;;
;;;
;;;
;;;
;;;
;;;
;;;
;;;
;;;
;;;
;;;
;;;
;;;
;;;
;;;
;;;
;;;
;;;
;;;
;;;
;;;
;;;
;;;
;;;
;;;
;;;
;;;
;;;
;;;
;;;
;;;
;;;
;;;
;;;
;;;
;;;
;;;
;;;
;;;
;;;
;;;
;;;
;;;
;;;
;;;
;;;
;;;
;;;
;;;
;;;
;;;
;;;
;;;
;;;
;;;
;;;
;;;
;;;
;;;
;;;
;;;
;;;
;;;
;;;
;;;
;;;
;;;
;;;
;;;
;;;
;;;
;;;
;;;
;;;
;;;
;;;
;;;
;;;
;;;
;;;
;;;
;;;
;;;
;;;
;;;
;;;
;;;
;;;
;;;
;;;
;;;
;;;
;;;
;;;
;;;
;;;
;;;
;;;
;;;
;;;
;;;
;;;
;;;
;;;
;;;
;;;
;;;
;;;
;;;
;;;
;;;
;;;
;;;
;;;
;;;
;;;
;;;
;;;
;;;
;;;
;;;
;;;
;;;
;;;
;;;
;;;
;;;
;;;
;;;
;;;
;;;
;;;
;;;
;;;
;;;
;;;
;;;
;;;
;;;
;;;
;;;
;;;
;;;
;;;
;;;
;;;
;;;
;;;
;;;
;;;
;;;
;;;
;;;
;;;
;;;
;;;
;;;
;;;
;;;
;;;
;;;
;;;
;;;
;;;
;;;
;;;
;;;
;;;
;;;
;;;
;;;
;;;
;;;
;;;
;;;
;;;
;;;
;;;
;;;
;;;
;;;
;;;
;;;
;;;
;;;
;;;
;;;
;;;
;;;
;;;
;;;
;;;
;;;
;;;
;;;
;;;
;;;
;;;
;;;
;;;
;;;
;;;
;;;
;;;
;;;
;;;
;;;
;;;
;;;
;;;
;;;
;;;
;;;
;;;
;;;
;;;
;;;
;;;
;;;
;;;
;;;
;;;
;;;
;;;
;;;
;;;
;;;
;;;
;;;
;;;
;;;
;;;
;;;
;;;
;;;
;;;
;;;
;;;
;;;
;;;
;;;
;;;
;;;
;;;
;;;
;;;
;;;
;;;
;;;
;;;
;;;
;;;
;;;
;;;
;;;
;;;
;;;
;;;
;;;
;;;
;;;
;;;
;;;
;;;
;;;
;;;
;;;
;;;
;;;
;;;
;;;
;;;
;;;
;;;
;;;
;;;
;;;
;;;
;;;
;;;
;;;
;;;
;;;
;;;
;;;
;;;
;;;
;;;
;;;
;;;
;;;
;;;
;;;
;;;
;;;
;;;
;;;
;;;
;;;
;;;
;;;
;;;
;;;
;;;
;;;
;;;
;;;
;;;
;;;
;;;
;;;
;;;
;;;
;;;
;;;
;;;
;;;
;;;
;;;
;;;
;;;
;;;
;;;
;;;
;;;
;;;
;;;
;;;
;;;
;;;
;;;
;;;
;;;
;;;
;;;
;;;
;;;
;;;
;;;
;;;
;;;
;;;
;;;
;;;
;;;
;;;
;;;
;;;
;;;
;;;
;;;
;;;
;;;
;;;
;;;
;;;
;;;
;;;
;;;
;;;
;;;
;;;
;;;
;;;
;;;
;;;
;;;
;;;
;;;
;;;
;;;
;;;
;;;
;;;
;;;
;;;
;;;
;;;
;;;
;;;
;;;
;;;
;;;
;;;
;;;
;;;
;;;
;;;
;;;
;;;
;;;
;;;
;;;
;;;
;;;
;;;
;;;
;;;
;;;
;;;
;;;
;;;
;;;
;;;
;;;
;;;
;;;
;;;
;;;
;;;
;;;
;;;
;;;
;;;
;;;
;;;
;;;
;;;
;;;
;;;
;;;
;;;
;;;
;;;
;;;
;;;
;;;
;;;
;;;
;;;
;;;
;;;
;;;
;;;
;;;
;;;
;;;
;;;
;;;
;;;
;;;
;;;
;;;
;;;
;;;
;;;
;;;
;;;
;;;
;;;
;;;
;;;
;;;
;;;
;;;
;;;
;;;
;;;
;;;
;;;
;;;
;;;
;;;
;;;
;;;
;;;
;;;
;;;
;;;
;;;
;;;
;;;
;;;
;;;
;;;
;;;
;;;
;;;
;;;
;;;
;;;
;;;
;;;
;;;
;;;
;;;
;;;
;;;
;;;
;;;
;;;
;;;
;;;
;;;
;;;
;;;
;;;
;;;
;;;
;;;
;;;
;;;
;;;
;;;
;;;
;;;
;;;
;;;
;;;
;;;
;;;
;;;
;;;
;;;
;;;
;;;
;;;
;;;
;;;
;;;
;;;
;;;
;;;
;;;
;;;
;;;
;;;
;;;
;;;
;;;
;;;
;;;
;;;
;;;
;;;
;;;
;;;
;;;
;;;
;;;
;;;
;;;
;;;
;;;
;;;
;;;
;;;
;;;
;;;
;;;
;;;
;;;
;;;
;;;
;;;
;;;
;;;
;;;
;;;
;;;
;;;
;;;
;;;
;;;
;;;
;;;
;;;
;;;
;;;
;;;
;;;
;;;
;;;
;;;
;;;
;;;
;;;
;;;
;;;
;;;
;;;
;;;
;;;
;;;
;;;
;;;
;;;
;;;
;;;
;;;
;;;
;;;
;;;
;;;
;;;
;;;
;;;
;;;
;;;
;;;
;;;
;;;
;;;
;;;
;;;
;;;
;;;
;;;
;;;
;;;
;;;
;;;
;;;
;;;
;;;
;;;
;;;
;;;
;;;
;;;
;;;
;;;
;;;
;;;
;;;
;;;
;;;
;;;
;;;
;;;
;;;
;;;
;;;
;;;
;;;
;;;
;;;
;;;
;;;
;;;
;;;
;;;
;;;
;;;
;;;
;;;
;;;
;;;
;;;
;;;
;;;
;;;
;;;
;;;
;;;
;;;
;;;
;;;
;;;
;;;
;;;
;;;
;;;
;;;
;;;
;;;
;;;
;;;
;;;
;;;
;;;
;;;
;;;
;;;
;;;
;;;
;;;
;;;
;;;
;;;
;;;
;;;
;;;
;;;
;;;
;;;
;;;
;;;
;;;
;;;
;;;
;;;
;;;
;;;
;;;
;;;
;;;
;;;
;;;
;;;
;;;
;;;
;;;
;;;
;;;
;;;
;;;
;;;
;;;
;;;
;;;
;;;
;;;
;;;
;;;
;;;
;;;
;;;
;;;
;;;
;;;
;;;
;;;
;;;
;;;
;;;
;;;
;;;
;;;
;;;
;;;
;;;
;;;
;;;
;;;
;;;
;;;
;;;
;;;
;;;
;;;
;;;
;;;
;;;
;;;
;;;
;;;
;;;
;;;
;;;
;;;
;;;
;;;
;;;
;;;
;;;
;;;
;;;
;;;
;;;
;;;
;;;
;;;
;;;
;;;
;;;
;;;
;;;
;;;
;;;
;;;
;;;
;;;
;;;
;;;
;;;
;;;
;;;
;;;
;;;
;;;
;;;
;;;
;;;
;;;
;;;
;;;
;;;
;;;
;;;
;;;
;;;
;;;
;;;
;;;
;;;
;;;
;;;
;;;
;;;
;;;
;;;
;;;
;;;
;;;
;;;
;;;
;;;
;;;
;;;
;;;
;;;
;;;
;;;
;;;
;;;
;;;
;;;
;;;
;;;
;;;
;;;
;;;
;;;
;;;
;;;
;;;
;;;
;;;
;;;
;;;
;;;
;;;
;;;
;;;
;;;
;;;
;;;
;;;
;;;
;;;
;;;
;;;
;;;
;;;
;;;
;;;
;;;
;;;
;;;
;;;
;;;
;;;
;;;
;;;
;;;
;;;
;;;
;;;
;;;
;;;
;;;
;;;
;;;
;;;
;;;
;;;
;;;
;;;
;;;
;;;
;;;
;;;
;;;
;;;
;;;
;;;
;;;
;;;
;;;
;;;
;;;
;;;
;;;
;;;
;;;
;;;
;;;
;;;
;;;
;;;
;;;
;;;
;;;
;;;
;;;
;;;
;;;
;;;
;;;
;;;
;;;
;;;
;;;
;;;
;;;
;;;
;;;
;;;
;;;
;;;
;;;
;;;
;;;
;;;
;;;
;;;
;;;
;;;
;;;
;;;
;;;
;;;
;;;
;;;
;;;
;;;
;;;
;;;
;;;
;;;
;;;
;;;
;;;
;;;
;;;
;;;
;;;
;;;
;;;
;;;
;;;
;;;
;;;
;;;
;;;
;;;
;;;
;;;
;;;
;;;
;;;
;;;
;;;
;;;
;;;
;;;
;;;
;;;
;;;
;;;
;;;
;;;
;;;
;;;
;;;
;;;
;;;
;;;
;;;
;;;
;;;
;;;
;;;
;;;
;;;
;;;
;;;
;;;
;;;
;;;
;;;
;;;
;;;
;;;
;;;
;;;
;;;
;;;
;;;
;;;
;;;
;;;
;;;
;;;
;;;
;;;
;;;
;;;
;;;
;;;
;;;
;;;
;;;
;;;
;;;
;;;
;;;
;;;
;;;
;;;
;;;
;;;
;;;
;;;
;;;
;;;
;;;
;;;
;;;
;;;
;;;
;;;
;;;
;;;
;;;
;;;
;;;
;;;
;;;
;;;
;;;
;;;
;;;
;;;
;;;
;;;
;;;
;;;
;;;
;;;
;;;
;;;
;;;
;;;
;;;
;;;
;;;
;;;
;;;
;;;
;;;
;;;
;;;
;;;
;;;
;;;
;;;
;;;
;;;
;;;
;;;
;;;
;;;
;;;
;;;
;;;
;;;
;;;
;;;
;;;
;;;
;;;
;;;
;;;
;;;
;;;
;;;
;;;
;;;
;;;
;;;
;;;
;;;
;;;
;;;
;;;
;;;
;;;
;;;
;;;
;;;
;;;
;;;
;;;
;;;
;;;
;;;
;;;
;;;
;;;
;;;
;;;
;;;
;;;
;;;
;;;
;;;
;;;
;;;
;;;
;;;
;;;
;;;
;;;
;;;
;;;
;;;
;;;
;;;
;;;
;;;
;;;
;;;
;;;
;;;
;;;
;;;
;;;
;;;
;;;
;;;
;;;
;;;
;;;
;;;
;;;
;;;
;;;
;;;
;;;
;;;
;;;
;;;
;;;
;;;
;;;
;;;
;;;
;;;
;;;
;;;
;;;
;;;
;;;
;;;
;;;
;;;
;;;
;;;
;;;
;;;
;;;
;;;
;;;
;;;
;;;
;;;
;;;
;;;
;;;
;;;
;;;
;;;
;;;
;;;
;;;
;;;
;;;
;;;
;;;
;;;
;;;
;;;
;;;
;;;
;;;
;;;
;;;
;;;
;;;
;;;
;;;
;;;
;;;
;;;
;;;
;;;
;;;
;;;
;;;
;;;
;;;
;;;
;;;
;;;
;;;
;;;
;;;
;;;
;;;
;;;
;;;
;;;
;;;
;;;
;;;
;;;
;;;
;;;
;;;
;;;
;;;
;;;
;;;
;;;
;;;
;;;
;;;
;;;
;;;
;;;
;;;
;;;
;;;
;;;
;;;
;;;
;;;
;;;
;;;
;;;
;;;
;;;
;;;
;;;
;;;
;;;
;;;
;;;
;;;
;;;
;;;
;;;
;;;
;;;
;;;
;;;
;;;
;;;
;;;
;;;
;;;
;;;
;;;
;;;
;;;
;;;
;;;
;;;
;;;
;;;
;;;
;;;
;;;
;;;
;;;
;;;
;;;
;;;
;;;
;;;
;;;
;;;
;;;
;;;
;;;
;;;
;;;
;;;
;;;
;;;
;;;
;;;
;;;
;;;
;;;
;;;
;;;
;;;
;;;
;;;
;;;
;;;
;;;
;;;
;;;
;;;
;;;
;;;
;;;
;;;
;;;
;;;
;;;
;;;
;;;
;;;
;;;
;;;
;;;
;;;
;;;
;;;
;;;
;;;
;;;
;;;
;;;
;;;
;;;
;;;
;;;
;;;
;;;
;;;
;;;
;;;
;;;
;;;
;;;
;;;
;;;
;;;
;;;
;;;
;;;
;;;
;;;
;;;
;;;
;;;
;;;
;;;
;;;
;;;
;;;
;;;
;;;
;;;
;;;
;;;
;;;
;;;
;;;
;;;
;;;
;;;
;;;
;;;
;;;
;;;
;;;
;;;
;;;
;;;
;;;
;;;
;;;
;;;
;;;
;;;
;;;
;;;
;;;
;;;
;;;
;;;
;;;
;;;
;;;
;;;
;;;
;;;
;;;
;;;
;;;
;;;
;;;
;;;
;;;
;;;
;;;
;;;
;;;
;;;
;;;
;;;
;;;
;;;
;;;
;;;
;;;
;;;
;;;
;;;
;;;
;;;
;;;
;;;
;;;
;;;
;;;
;;;
;;;
;;;
;;;
;;;
;;;
;;;
;;;
;;;
;;;
;;;
;;;
;;;
;;;
;;;
;;;
;;;
;;;
;;;
;;;
;;;
;;;
;;;
;;;
;;;
;;;
;;;
;;;
;;;
;;;
;;;
;;;
;;;
;;;
;;;
;;;
;;;
;;;
;;;
